-- MySQL dump 10.13  Distrib 8.0.22, for Linux (x86_64)
--
-- Host: localhost    Database: vk
-- ------------------------------------------------------
-- Server version	8.0.22-0ubuntu0.20.04.2

/*!40101 SET @OLD_CHARACTER_SET_CLIENT=@@CHARACTER_SET_CLIENT */;
/*!40101 SET @OLD_CHARACTER_SET_RESULTS=@@CHARACTER_SET_RESULTS */;
/*!40101 SET @OLD_COLLATION_CONNECTION=@@COLLATION_CONNECTION */;
/*!50503 SET NAMES utf8mb4 */;
/*!40103 SET @OLD_TIME_ZONE=@@TIME_ZONE */;
/*!40103 SET TIME_ZONE='+00:00' */;
/*!40014 SET @OLD_UNIQUE_CHECKS=@@UNIQUE_CHECKS, UNIQUE_CHECKS=0 */;
/*!40014 SET @OLD_FOREIGN_KEY_CHECKS=@@FOREIGN_KEY_CHECKS, FOREIGN_KEY_CHECKS=0 */;
/*!40101 SET @OLD_SQL_MODE=@@SQL_MODE, SQL_MODE='NO_AUTO_VALUE_ON_ZERO' */;
/*!40111 SET @OLD_SQL_NOTES=@@SQL_NOTES, SQL_NOTES=0 */;

--
-- Table structure for table `cities`
--

DROP TABLE IF EXISTS `cities`;
/*!40101 SET @saved_cs_client     = @@character_set_client */;
/*!50503 SET character_set_client = utf8mb4 */;
CREATE TABLE `cities` (
  `id` bigint unsigned NOT NULL AUTO_INCREMENT COMMENT 'Идентификатор строки',
  `name` varchar(100) CHARACTER SET utf8 COLLATE utf8_unicode_ci NOT NULL COMMENT 'Название города',
  `created_at` datetime DEFAULT CURRENT_TIMESTAMP COMMENT 'Время создания строки',
  `updated_at` datetime DEFAULT CURRENT_TIMESTAMP ON UPDATE CURRENT_TIMESTAMP COMMENT 'Время обновления строки',
  UNIQUE KEY `id` (`id`)
) ENGINE=InnoDB AUTO_INCREMENT=101 DEFAULT CHARSET=utf8 COLLATE=utf8_unicode_ci COMMENT='Города';
/*!40101 SET character_set_client = @saved_cs_client */;

--
-- Dumping data for table `cities`
--

LOCK TABLES `cities` WRITE;
/*!40000 ALTER TABLE `cities` DISABLE KEYS */;
INSERT INTO `cities` VALUES (1,'Saigeton','2019-12-01 10:50:16','2020-01-23 09:48:03'),(2,'Kassulkebury','2020-02-21 11:52:18','2020-04-12 19:33:25'),(3,'Reichertchester','2020-04-25 10:00:20','2020-11-25 20:23:36'),(4,'South Herminamouth','2020-09-13 11:08:23','2020-11-25 20:23:36'),(5,'New Marjory','2020-07-27 20:49:14','2020-11-25 20:23:36'),(6,'Emilianotown','2020-09-10 04:39:42','2020-11-25 20:23:36'),(7,'Ebonyfurt','2020-03-05 23:14:18','2020-08-05 10:40:40'),(8,'Lake Margaretta','2020-06-17 14:47:12','2020-10-14 09:28:50'),(9,'East Estafort','2020-02-16 04:44:36','2020-11-25 20:23:36'),(10,'North Elysefurt','2020-08-16 14:50:20','2020-08-29 20:44:41'),(11,'Marvinhaven','2020-10-07 05:50:10','2020-11-25 20:23:36'),(12,'Croninshire','2020-03-25 03:46:12','2020-09-04 16:26:16'),(13,'North Imafort','2020-10-29 19:09:00','2020-11-25 20:23:36'),(14,'New Marcelino','2020-03-27 23:47:51','2020-07-19 10:04:49'),(15,'North Shana','2020-04-06 21:03:45','2020-11-25 20:23:36'),(16,'Prosaccoside','2020-08-06 11:08:12','2020-11-25 20:23:36'),(17,'North Trevionton','2020-03-23 12:43:35','2020-03-24 16:42:23'),(18,'Greenfelderbury','2020-07-27 04:07:21','2020-08-05 05:23:15'),(19,'Boyerfurt','2020-02-09 18:58:29','2020-02-20 17:54:58'),(20,'Rutherfordbury','2020-10-22 06:34:16','2020-11-25 20:23:36'),(21,'Port Domenicoburgh','2020-03-05 21:26:31','2020-05-01 07:43:27'),(22,'Uniquebury','2020-11-18 06:59:01','2020-11-25 20:23:36'),(23,'Toyland','2020-07-06 19:42:27','2020-11-25 20:23:36'),(24,'Dietrichstad','2020-01-31 04:37:25','2020-04-26 12:47:48'),(25,'Mabelton','2020-07-09 19:38:51','2020-11-25 20:23:36'),(26,'Lake Zoila','2020-05-30 20:02:13','2020-09-09 17:52:49'),(27,'Kaneland','2020-04-29 20:13:05','2020-06-05 18:56:22'),(28,'Lurlineburgh','2020-11-06 09:35:33','2020-11-09 09:30:44'),(29,'Lake Cristinaview','2020-03-21 14:55:32','2020-05-11 09:30:29'),(30,'Kylermouth','2020-05-02 03:25:24','2020-08-05 02:01:49'),(31,'Axelshire','2020-04-15 04:04:13','2020-11-25 20:23:36'),(32,'Lynchview','2020-04-26 06:06:01','2020-11-25 20:23:36'),(33,'Lake Doviestad','2020-03-02 06:21:45','2020-05-14 01:00:31'),(34,'Cormierland','2020-02-21 02:12:37','2020-05-24 00:21:36'),(35,'Chrisburgh','2020-05-05 06:01:25','2020-09-13 23:15:21'),(36,'Feilstad','2020-08-18 21:11:09','2020-11-25 20:23:36'),(37,'Reillytown','2020-04-12 02:12:00','2020-11-25 20:23:36'),(38,'Alvertaside','2019-11-28 12:19:08','2020-01-08 23:26:45'),(39,'Kilbackshire','2020-11-22 12:16:42','2020-11-25 20:23:36'),(40,'East Marielaside','2020-09-24 23:30:44','2020-09-26 06:28:55'),(41,'Blancafurt','2020-02-14 05:43:20','2020-05-15 09:10:41'),(42,'Port Jaren','2020-05-16 21:20:45','2020-11-25 20:23:36'),(43,'New Alanis','2020-10-20 01:28:14','2020-11-25 20:23:36'),(44,'East Sid','2020-05-03 21:15:16','2020-09-26 00:46:51'),(45,'Terryton','2019-11-30 13:34:46','2020-01-12 07:21:02'),(46,'Marianeside','2019-12-24 08:15:09','2020-11-25 20:23:36'),(47,'Christyberg','2020-01-29 02:01:00','2020-11-25 20:23:36'),(48,'West Lorena','2020-01-25 03:26:19','2020-11-06 00:17:30'),(49,'Fredville','2020-07-05 17:29:58','2020-07-22 19:52:56'),(50,'New Duaneport','2020-02-11 07:42:59','2020-02-29 17:40:26'),(51,'Deshaunfurt','2020-07-08 03:24:45','2020-11-14 03:43:28'),(52,'Fidelmouth','2020-01-18 10:45:44','2020-05-03 08:41:49'),(53,'South Willis','2020-05-20 04:49:20','2020-11-25 20:23:36'),(54,'Grahammouth','2020-04-06 06:18:58','2020-09-23 18:03:22'),(55,'West Bernadine','2020-05-30 18:03:43','2020-11-25 20:23:36'),(56,'Lakinshire','2020-10-24 01:28:33','2020-11-25 20:23:36'),(57,'Kundeland','2020-01-26 10:22:54','2020-11-25 20:23:36'),(58,'Sydneemouth','2020-11-19 19:20:49','2020-11-25 20:23:36'),(59,'Gudrunfurt','2020-06-21 13:29:56','2020-11-09 08:09:08'),(60,'Haskellbury','2020-05-29 02:34:21','2020-11-25 20:23:36'),(61,'East Faeberg','2020-11-15 12:59:36','2020-11-25 20:23:36'),(62,'Ondrickaside','2020-01-26 09:08:40','2020-10-21 00:49:28'),(63,'Schummmouth','2020-06-24 09:25:31','2020-11-25 20:23:36'),(64,'East Maeve','2020-07-02 12:52:27','2020-11-14 06:46:06'),(65,'Raymundoton','2020-04-08 16:47:27','2020-11-25 20:23:36'),(66,'Lake Vergie','2019-12-28 21:49:42','2020-05-01 01:47:17'),(67,'New Raulville','2020-06-19 07:47:54','2020-07-03 01:12:26'),(68,'Goldentown','2019-11-23 20:52:56','2020-09-05 01:14:49'),(69,'Jayneview','2020-05-22 08:12:04','2020-11-25 20:23:36'),(70,'Rogahnport','2020-06-14 01:02:11','2020-11-25 20:23:36'),(71,'Schowalterton','2020-08-03 12:06:28','2020-08-21 00:51:54'),(72,'Elwyntown','2020-05-10 03:12:15','2020-08-29 05:30:14'),(73,'New Bernadine','2020-07-30 10:05:10','2020-10-28 09:45:49'),(74,'Port Tillman','2020-04-10 05:40:08','2020-06-05 03:48:15'),(75,'Stehrberg','2020-07-31 23:44:49','2020-10-28 19:20:56'),(76,'Gorczanyland','2020-03-18 07:50:21','2020-07-05 18:48:11'),(77,'New Ashleigh','2020-06-02 03:30:37','2020-11-25 20:23:36'),(78,'North Nedton','2020-06-18 08:15:21','2020-11-25 20:23:36'),(79,'Port Anahichester','2020-02-08 07:33:21','2020-07-06 00:49:49'),(80,'Jaquelinebury','2020-05-09 11:20:58','2020-08-23 17:10:21'),(81,'Lake Fridafurt','2020-02-13 16:57:33','2020-11-25 20:23:36'),(82,'North Gardner','2020-08-11 15:27:53','2020-11-25 20:23:36'),(83,'West Peytonmouth','2020-03-08 15:00:07','2020-11-25 20:23:36'),(84,'Port Baby','2020-08-03 19:57:51','2020-11-15 18:39:49'),(85,'Bernierview','2020-03-16 18:58:12','2020-10-09 22:30:43'),(86,'New Ashleighfurt','2020-04-20 05:49:53','2020-08-10 16:14:49'),(87,'Mayberg','2020-04-14 19:30:32','2020-11-25 20:23:36'),(88,'Collierview','2019-12-22 19:01:29','2020-05-18 04:42:27'),(89,'West Bradenville','2020-09-07 14:30:36','2020-11-25 20:23:36'),(90,'Nicolasland','2020-05-20 06:59:45','2020-11-25 20:23:36'),(91,'East Kelvin','2020-06-04 22:10:29','2020-08-27 15:29:06'),(92,'Skylarstad','2020-01-17 19:35:40','2020-03-16 14:39:53'),(93,'East Aidan','2020-01-29 01:58:07','2020-05-06 08:29:39'),(94,'Nasirtown','2020-07-23 06:04:30','2020-10-28 15:08:40'),(95,'Judgeville','2020-04-25 02:42:20','2020-09-21 00:22:25'),(96,'South Deja','2020-05-05 14:46:39','2020-05-23 05:21:49'),(97,'Orvilleside','2020-01-05 02:03:14','2020-10-15 01:44:08'),(98,'Euniceville','2019-11-23 07:16:05','2020-07-09 23:40:55'),(99,'Kyrafurt','2020-07-07 07:19:48','2020-11-25 20:23:36'),(100,'Framimouth','2020-05-31 12:37:05','2020-08-28 01:58:00');
/*!40000 ALTER TABLE `cities` ENABLE KEYS */;
UNLOCK TABLES;

--
-- Table structure for table `communities`
--

DROP TABLE IF EXISTS `communities`;
/*!40101 SET @saved_cs_client     = @@character_set_client */;
/*!50503 SET character_set_client = utf8mb4 */;
CREATE TABLE `communities` (
  `id` bigint unsigned NOT NULL AUTO_INCREMENT COMMENT 'Идентификатор сроки',
  `name` varchar(150) CHARACTER SET utf8 COLLATE utf8_unicode_ci NOT NULL COMMENT 'Название группы',
  `created_at` datetime DEFAULT CURRENT_TIMESTAMP COMMENT 'Время создания строки',
  `updated_at` datetime DEFAULT CURRENT_TIMESTAMP ON UPDATE CURRENT_TIMESTAMP COMMENT 'Время обновления строки',
  UNIQUE KEY `id` (`id`),
  UNIQUE KEY `name` (`name`)
) ENGINE=InnoDB AUTO_INCREMENT=101 DEFAULT CHARSET=utf8 COLLATE=utf8_unicode_ci COMMENT='Группы';
/*!40101 SET character_set_client = @saved_cs_client */;

--
-- Dumping data for table `communities`
--

LOCK TABLES `communities` WRITE;
/*!40000 ALTER TABLE `communities` DISABLE KEYS */;
INSERT INTO `communities` VALUES (1,'libero','2015-06-22 02:58:31','2020-11-25 20:21:42'),(2,'hic','2019-06-19 23:29:44','2020-11-25 20:21:42'),(3,'accusantium','2015-01-11 12:43:00','2018-04-24 23:55:45'),(4,'consequatur','2013-12-05 18:24:42','2020-11-25 20:21:42'),(5,'quis','2013-10-06 23:19:58','2020-08-08 19:55:11'),(6,'tempore','2015-05-18 15:06:22','2020-11-25 20:21:42'),(7,'similique','2015-05-22 08:07:32','2019-05-23 13:25:31'),(8,'rem','2014-01-19 17:26:48','2014-11-14 09:00:08'),(9,'modi','2016-03-01 04:45:21','2017-12-21 03:54:26'),(10,'dolor','2016-01-05 01:59:40','2020-11-25 20:21:42'),(11,'minima','2012-11-29 06:35:17','2016-01-31 19:30:35'),(12,'ea','2012-12-31 01:24:41','2020-11-25 20:21:42'),(13,'aut','2017-03-04 16:52:17','2020-07-20 07:22:56'),(14,'maxime','2015-02-08 01:21:08','2020-11-25 20:21:42'),(15,'beatae','2013-08-11 16:47:18','2020-11-25 20:21:42'),(16,'autem','2012-07-01 23:16:31','2013-09-24 06:44:41'),(17,'unde','2013-11-06 19:26:54','2020-11-25 20:21:42'),(18,'velit','2011-07-08 09:02:50','2020-11-25 20:21:42'),(19,'voluptatibus','2018-04-03 17:06:58','2020-11-25 20:21:42'),(20,'inventore','2019-05-17 05:38:16','2019-09-12 04:22:44');
/*!40000 ALTER TABLE `communities` ENABLE KEYS */;
UNLOCK TABLES;

--
-- Table structure for table `communities_users`
--

DROP TABLE IF EXISTS `communities_users`;
/*!40101 SET @saved_cs_client     = @@character_set_client */;
/*!50503 SET character_set_client = utf8mb4 */;
CREATE TABLE `communities_users` (
  `community_id` int unsigned NOT NULL COMMENT 'Ссылка на группу',
  `user_id` int unsigned NOT NULL COMMENT 'Ссылка на пользователя',
  `created_at` datetime DEFAULT CURRENT_TIMESTAMP COMMENT 'Время создания строки',
  PRIMARY KEY (`community_id`,`user_id`) COMMENT 'Составной первичный ключ'
) ENGINE=InnoDB DEFAULT CHARSET=utf8 COLLATE=utf8_unicode_ci COMMENT='Участники групп, связь между пользователями и группами';
/*!40101 SET character_set_client = @saved_cs_client */;

--
-- Dumping data for table `communities_users`
--

LOCK TABLES `communities_users` WRITE;
/*!40000 ALTER TABLE `communities_users` DISABLE KEYS */;
INSERT INTO `communities_users` VALUES (1,61,'2017-04-17 00:53:55'),(2,2,'2020-02-07 03:46:14'),(2,22,'2016-01-14 09:42:24'),(2,56,'2010-12-08 04:03:45'),(2,71,'2013-05-02 18:33:22'),(2,98,'2020-10-30 04:40:28'),(3,13,'2019-08-05 23:17:27'),(3,43,'2015-07-26 12:45:59'),(3,85,'2013-04-19 08:08:59'),(3,87,'2012-10-31 13:35:45'),(3,99,'2016-09-09 04:20:22'),(4,26,'2020-04-18 00:37:21'),(4,68,'2016-11-26 16:21:14'),(4,93,'2011-09-29 03:16:19'),(4,95,'2018-02-14 03:58:42'),(5,14,'2012-10-03 13:25:23'),(5,27,'2011-03-16 17:39:14'),(5,33,'2012-09-08 13:31:42'),(5,42,'2012-04-27 23:46:30'),(5,45,'2015-05-31 21:35:47'),(6,30,'2018-06-13 00:25:01'),(6,81,'2017-03-02 11:57:11'),(6,96,'2015-02-03 10:39:03'),(7,18,'2020-10-14 17:41:57'),(7,23,'2013-12-02 18:40:23'),(7,31,'2017-05-09 13:19:54'),(7,46,'2014-05-31 17:55:56'),(7,52,'2012-05-06 12:13:11'),(7,57,'2018-10-26 14:52:44'),(7,100,'2018-06-12 02:50:48'),(8,24,'2011-09-21 06:46:03'),(8,35,'2017-01-18 15:19:28'),(8,53,'2011-12-12 06:24:39'),(8,62,'2014-05-21 17:33:47'),(8,90,'2011-05-23 10:20:09'),(9,40,'2011-10-12 12:29:49'),(9,48,'2017-06-23 13:12:57'),(9,64,'2016-08-15 23:10:56'),(9,65,'2019-12-22 10:49:35'),(9,89,'2017-08-20 00:20:12'),(10,38,'2012-06-14 15:39:24'),(10,51,'2017-01-14 01:21:07'),(10,58,'2012-03-06 17:10:56'),(10,59,'2015-10-18 08:13:57'),(11,70,'2019-11-15 23:35:53'),(11,77,'2015-10-04 05:23:10'),(11,94,'2020-01-23 14:05:08'),(12,8,'2020-07-15 14:57:43'),(12,49,'2014-06-07 02:38:05'),(12,82,'2018-03-24 10:46:45'),(12,88,'2016-10-31 11:42:09'),(12,91,'2014-02-22 12:17:06'),(13,5,'2015-01-22 12:58:33'),(13,11,'2012-09-08 15:07:49'),(13,29,'2013-12-23 22:44:37'),(13,34,'2012-07-28 17:43:48'),(13,50,'2020-07-02 02:44:31'),(13,74,'2014-05-06 01:28:37'),(13,80,'2019-01-18 20:00:53'),(14,15,'2014-11-12 14:04:58'),(14,21,'2015-03-29 22:55:19'),(14,28,'2016-09-15 20:50:06'),(14,41,'2012-08-19 13:09:40'),(14,55,'2012-04-29 07:54:46'),(15,6,'2015-05-14 15:06:33'),(15,9,'2013-12-19 19:48:20'),(15,10,'2019-06-30 19:25:51'),(15,19,'2014-07-19 05:21:20'),(15,54,'2019-02-24 21:29:41'),(15,67,'2016-10-28 23:30:15'),(15,78,'2019-08-27 14:12:22'),(15,86,'2019-12-06 21:02:25'),(16,3,'2016-05-08 04:20:05'),(16,4,'2018-06-14 16:35:31'),(16,7,'2018-07-18 10:06:45'),(16,12,'2016-09-19 08:44:06'),(16,16,'2011-06-06 23:35:04'),(16,20,'2011-11-07 11:07:40'),(16,39,'2013-05-17 16:58:24'),(16,66,'2019-11-21 05:47:27'),(16,72,'2020-08-17 02:24:02'),(16,75,'2011-12-18 07:15:46'),(16,92,'2014-10-23 23:23:10'),(16,97,'2017-01-25 05:16:50'),(17,1,'2017-04-16 20:16:50'),(17,25,'2011-11-28 22:44:02'),(17,32,'2012-12-26 17:46:39'),(17,69,'2012-11-13 00:53:25'),(17,73,'2014-01-30 18:56:16'),(18,37,'2011-09-06 00:13:20'),(18,47,'2012-12-05 04:21:02'),(18,60,'2017-12-11 22:33:42'),(19,17,'2011-08-13 05:03:57'),(19,44,'2011-06-09 12:31:23'),(19,63,'2018-11-24 02:42:58'),(19,79,'2012-12-06 10:31:07'),(19,83,'2018-06-01 07:24:08'),(20,36,'2015-05-03 12:57:05'),(20,76,'2013-04-10 17:03:06'),(20,84,'2010-11-25 08:38:26');
/*!40000 ALTER TABLE `communities_users` ENABLE KEYS */;
UNLOCK TABLES;

--
-- Table structure for table `countries`
--

DROP TABLE IF EXISTS `countries`;
/*!40101 SET @saved_cs_client     = @@character_set_client */;
/*!50503 SET character_set_client = utf8mb4 */;
CREATE TABLE `countries` (
  `id` bigint unsigned NOT NULL AUTO_INCREMENT COMMENT 'Идентификатор строки',
  `name` varchar(100) CHARACTER SET utf8 COLLATE utf8_unicode_ci NOT NULL COMMENT 'Название страны',
  `created_at` datetime DEFAULT CURRENT_TIMESTAMP COMMENT 'Время создания строки',
  `updated_at` datetime DEFAULT CURRENT_TIMESTAMP ON UPDATE CURRENT_TIMESTAMP COMMENT 'Время обновления строки',
  UNIQUE KEY `id` (`id`)
) ENGINE=InnoDB AUTO_INCREMENT=101 DEFAULT CHARSET=utf8 COLLATE=utf8_unicode_ci COMMENT='Страны';
/*!40101 SET character_set_client = @saved_cs_client */;

--
-- Dumping data for table `countries`
--

LOCK TABLES `countries` WRITE;
/*!40000 ALTER TABLE `countries` DISABLE KEYS */;
INSERT INTO `countries` VALUES (1,'Anguilla','2020-10-28 06:19:13','2020-11-25 20:24:15'),(2,'Macao','2019-12-23 06:07:42','2020-05-16 19:47:49'),(3,'Serbia','2020-01-15 02:33:20','2020-11-15 05:18:28'),(4,'Maldives','2020-04-09 06:49:27','2020-11-25 20:24:15'),(5,'Bulgaria','2020-11-10 07:07:03','2020-11-25 20:24:15'),(6,'Georgia','2020-02-20 20:37:00','2020-06-23 21:14:42'),(7,'American Samoa','2020-11-10 23:45:55','2020-11-25 20:24:15'),(8,'Eritrea','2020-08-24 23:54:33','2020-11-25 20:24:15'),(9,'Martinique','2020-01-09 20:55:46','2020-05-30 11:40:58'),(10,'Cape Verde','2020-06-25 22:53:58','2020-11-25 20:24:15'),(11,'Argentina','2020-08-24 10:45:02','2020-11-25 20:24:15'),(12,'Saint Pierre and Miquelon','2020-02-09 13:33:19','2020-04-17 08:40:54'),(13,'Comoros','2020-01-02 00:58:50','2020-09-30 23:03:57'),(14,'Somalia','2020-08-27 10:03:58','2020-11-25 20:24:15'),(15,'Reunion','2020-09-03 09:02:47','2020-11-25 20:24:15'),(16,'Saint Martin','2019-12-08 05:26:14','2020-01-31 00:06:46'),(17,'Tuvalu','2020-10-06 15:10:03','2020-11-25 20:24:15'),(18,'Saint Kitts and Nevis','2020-03-23 20:39:15','2020-08-21 20:43:00'),(19,'Holy See (Vatican City State)','2020-08-04 05:10:52','2020-11-25 20:24:15'),(20,'Tonga','2020-02-24 05:17:34','2020-10-30 06:23:57'),(21,'Colombia','2020-01-24 15:22:16','2020-11-25 20:24:15'),(22,'Armenia','2020-02-22 07:08:05','2020-07-11 01:54:09'),(23,'Russian Federation','2020-08-22 01:09:39','2020-11-25 20:24:15'),(24,'Benin','2020-03-17 09:04:49','2020-09-11 04:05:26'),(25,'Colombia','2020-05-10 00:59:41','2020-11-25 20:24:15'),(26,'Palau','2020-08-10 21:40:46','2020-11-25 20:24:15'),(27,'Nigeria','2020-08-19 17:46:25','2020-11-25 20:24:15'),(28,'Christmas Island','2020-05-20 15:08:27','2020-10-08 11:42:04'),(29,'Sierra Leone','2020-06-15 12:06:49','2020-09-19 22:51:23'),(30,'Mali','2020-10-06 00:27:15','2020-11-25 20:24:15'),(31,'Jersey','2020-09-07 08:44:04','2020-11-25 20:24:15'),(32,'Togo','2020-11-07 17:57:07','2020-11-25 20:24:15'),(33,'Serbia','2019-12-15 13:36:58','2019-12-24 00:44:31'),(34,'Saint Vincent and the Grenadines','2019-12-31 18:47:01','2020-08-10 14:39:35'),(35,'Niger','2020-06-09 09:57:32','2020-06-22 05:38:52'),(36,'Cote d\'Ivoire','2020-04-10 05:01:48','2020-11-25 20:24:15'),(37,'Guatemala','2020-02-04 21:22:20','2020-08-04 13:32:29'),(38,'Latvia','2020-07-27 12:40:03','2020-08-19 21:49:20'),(39,'Sri Lanka','2020-10-27 09:19:09','2020-11-13 00:06:18'),(40,'Isle of Man','2020-09-05 04:56:43','2020-11-25 20:24:15'),(41,'Slovakia (Slovak Republic)','2020-01-10 11:49:34','2020-03-06 13:12:52'),(42,'Martinique','2020-06-01 11:41:48','2020-06-17 18:41:36'),(43,'South Georgia and the South Sandwich Islands','2020-05-23 03:52:26','2020-09-15 11:13:14'),(44,'Finland','2020-04-05 06:47:52','2020-08-05 11:39:17'),(45,'Aruba','2020-03-15 17:00:28','2020-09-17 02:40:26'),(46,'Kiribati','2020-05-10 07:00:45','2020-07-25 15:40:39'),(47,'Georgia','2020-09-03 02:58:12','2020-11-25 20:24:15'),(48,'Ecuador','2020-01-31 20:37:49','2020-10-08 06:15:27'),(49,'Estonia','2020-01-16 05:36:09','2020-04-04 07:58:10'),(50,'Western Sahara','2020-01-23 23:59:25','2020-04-12 06:00:49'),(51,'Zimbabwe','2020-04-28 11:13:06','2020-05-22 13:21:20'),(52,'Bolivia','2020-09-04 20:38:32','2020-11-25 20:24:15'),(53,'Colombia','2020-02-08 17:37:04','2020-11-25 20:24:15'),(54,'Tanzania','2019-11-29 22:01:39','2020-02-08 21:42:25'),(55,'Macedonia','2020-09-01 20:59:20','2020-11-25 20:24:15'),(56,'Cuba','2020-05-07 08:56:35','2020-05-31 13:35:56'),(57,'Samoa','2020-02-14 12:53:09','2020-11-25 20:24:15'),(58,'Malawi','2019-11-26 06:39:02','2020-05-01 05:15:28'),(59,'Haiti','2020-07-19 19:04:28','2020-11-25 20:24:15'),(60,'Zimbabwe','2019-12-24 12:28:48','2020-03-03 05:12:46'),(61,'Brunei Darussalam','2020-06-16 12:56:39','2020-11-05 02:07:48'),(62,'Micronesia','2020-06-28 00:17:44','2020-11-25 20:24:15'),(63,'Djibouti','2020-06-30 01:10:12','2020-07-22 10:58:19'),(64,'British Virgin Islands','2020-04-15 12:14:00','2020-11-25 20:24:15'),(65,'Oman','2020-04-26 03:17:00','2020-05-30 23:51:27'),(66,'Falkland Islands (Malvinas)','2020-07-11 19:55:06','2020-09-07 05:37:13'),(67,'Cameroon','2020-01-14 21:38:41','2020-09-04 04:00:00'),(68,'Isle of Man','2020-11-18 13:48:51','2020-11-25 20:24:15'),(69,'Cook Islands','2020-08-18 05:00:19','2020-11-13 12:17:43'),(70,'Saint Lucia','2019-12-30 16:53:02','2020-08-30 01:26:39'),(71,'Antigua and Barbuda','2019-12-26 23:44:55','2020-02-02 10:33:14'),(72,'Poland','2020-03-13 17:29:02','2020-11-25 20:24:15'),(73,'Micronesia','2019-12-01 06:29:03','2020-01-10 16:03:50'),(74,'Guinea','2020-05-03 11:07:46','2020-11-17 00:37:58'),(75,'Luxembourg','2020-06-24 14:42:25','2020-11-25 20:24:15'),(76,'Croatia','2020-05-03 17:08:22','2020-11-25 20:24:15'),(77,'Denmark','2020-02-05 08:29:53','2020-05-30 06:13:50'),(78,'Montserrat','2020-07-12 13:57:27','2020-11-25 20:24:15'),(79,'Fiji','2020-04-19 04:18:55','2020-11-25 20:24:15'),(80,'Madagascar','2020-11-04 03:00:53','2020-11-25 20:24:15'),(81,'French Southern Territories','2020-01-05 08:02:35','2020-03-19 06:34:07'),(82,'Armenia','2020-05-24 17:08:13','2020-08-10 21:20:43'),(83,'Congo','2020-07-05 08:33:08','2020-11-25 20:24:15'),(84,'Argentina','2020-10-24 01:17:20','2020-11-25 20:24:15'),(85,'Gibraltar','2020-05-08 10:33:18','2020-11-25 20:24:15'),(86,'British Indian Ocean Territory (Chagos Archipelago)','2020-07-28 17:26:45','2020-11-25 20:24:15'),(87,'Congo','2020-04-07 21:03:38','2020-11-15 06:15:23'),(88,'Yemen','2020-06-11 11:15:25','2020-11-25 20:24:15'),(89,'Saudi Arabia','2020-05-20 14:07:22','2020-11-25 20:24:15'),(90,'Burundi','2020-07-01 02:29:50','2020-11-25 20:24:15'),(91,'Oman','2020-01-22 07:17:32','2020-11-25 20:24:15'),(92,'Rwanda','2020-10-13 17:00:27','2020-11-25 20:24:15'),(93,'Belize','2020-09-06 20:57:26','2020-11-25 20:24:15'),(94,'France','2020-10-24 15:34:53','2020-11-25 20:24:15'),(95,'Malawi','2019-12-01 12:46:16','2019-12-30 17:37:34'),(96,'Kiribati','2020-10-27 21:52:35','2020-11-25 20:24:15'),(97,'United States Minor Outlying Islands','2020-09-23 06:00:36','2020-11-25 20:24:15'),(98,'Cook Islands','2020-04-01 08:44:26','2020-07-01 15:09:47'),(99,'Armenia','2020-02-21 19:21:28','2020-04-02 19:06:28'),(100,'Netherlands Antilles','2020-10-18 03:24:59','2020-11-25 20:24:15');
/*!40000 ALTER TABLE `countries` ENABLE KEYS */;
UNLOCK TABLES;

--
-- Table structure for table `friendship_statuses`
--

DROP TABLE IF EXISTS `friendship_statuses`;
/*!40101 SET @saved_cs_client     = @@character_set_client */;
/*!50503 SET character_set_client = utf8mb4 */;
CREATE TABLE `friendship_statuses` (
  `id` bigint unsigned NOT NULL AUTO_INCREMENT COMMENT 'Идентификатор строки',
  `name` varchar(150) CHARACTER SET utf8 COLLATE utf8_unicode_ci NOT NULL COMMENT 'Название статуса',
  `created_at` datetime DEFAULT CURRENT_TIMESTAMP COMMENT 'Время создания строки',
  `updated_at` datetime DEFAULT CURRENT_TIMESTAMP ON UPDATE CURRENT_TIMESTAMP COMMENT 'Время обновления строки',
  UNIQUE KEY `id` (`id`),
  UNIQUE KEY `name` (`name`)
) ENGINE=InnoDB AUTO_INCREMENT=4 DEFAULT CHARSET=utf8 COLLATE=utf8_unicode_ci COMMENT='Статусы дружбы';
/*!40101 SET character_set_client = @saved_cs_client */;

--
-- Dumping data for table `friendship_statuses`
--

LOCK TABLES `friendship_statuses` WRITE;
/*!40000 ALTER TABLE `friendship_statuses` DISABLE KEYS */;
INSERT INTO `friendship_statuses` VALUES (1,'Requested','2020-11-25 20:15:45','2020-11-25 20:15:45'),(2,'Are not friends','2020-11-25 20:15:45','2020-11-25 20:15:45'),(3,'Are friends','2020-11-25 20:15:45','2020-11-25 20:15:45');
/*!40000 ALTER TABLE `friendship_statuses` ENABLE KEYS */;
UNLOCK TABLES;

--
-- Table structure for table `friendships`
--

DROP TABLE IF EXISTS `friendships`;
/*!40101 SET @saved_cs_client     = @@character_set_client */;
/*!50503 SET character_set_client = utf8mb4 */;
CREATE TABLE `friendships` (
  `user_id` bigint unsigned NOT NULL COMMENT 'Ссылка на инициатора дружеских отношений',
  `friend_id` bigint unsigned NOT NULL COMMENT 'Ссылка на получателя приглашения дружить',
  `status_id` bigint unsigned NOT NULL COMMENT 'Ссылка на статус (текущее состояние) отношений',
  `requested_at` datetime DEFAULT CURRENT_TIMESTAMP COMMENT 'Время отправления приглашения дружить',
  `confirmed_at` datetime DEFAULT NULL COMMENT 'Время подтверждения приглашения',
  `created_at` datetime DEFAULT CURRENT_TIMESTAMP COMMENT 'Время создания строки',
  `updated_at` datetime DEFAULT CURRENT_TIMESTAMP ON UPDATE CURRENT_TIMESTAMP COMMENT 'Время обновления строки',
  PRIMARY KEY (`user_id`,`friend_id`) COMMENT 'Составной первичный ключ'
) ENGINE=InnoDB DEFAULT CHARSET=utf8 COLLATE=utf8_unicode_ci COMMENT='Таблица дружбы';
/*!40101 SET character_set_client = @saved_cs_client */;

--
-- Dumping data for table `friendships`
--

LOCK TABLES `friendships` WRITE;
/*!40000 ALTER TABLE `friendships` DISABLE KEYS */;
INSERT INTO `friendships` VALUES (1,18,1,'1986-09-25 00:00:00',NULL,'1981-07-10 00:00:00','2020-11-25 20:19:35'),(1,52,1,'2014-07-12 00:00:00',NULL,'1976-09-16 00:00:00','2020-11-25 20:19:35'),(2,12,1,'1989-03-04 00:00:00',NULL,'2001-10-26 00:00:00','2020-11-25 20:19:35'),(4,5,1,'2004-02-03 00:00:00',NULL,'1993-12-16 00:00:00','2020-11-25 20:19:35'),(7,34,1,'2009-08-29 00:00:00',NULL,'1986-07-02 00:00:00','2020-11-25 20:19:35'),(7,84,3,'1974-12-11 00:00:00','2020-11-25 20:20:15','1976-09-05 00:00:00','2020-11-25 20:20:15'),(9,49,1,'1974-04-01 00:00:00',NULL,'1970-10-22 00:00:00','2020-11-25 20:19:35'),(11,42,3,'1989-08-07 00:00:00','2020-11-25 20:20:15','1972-09-12 00:00:00','2020-11-25 20:20:15'),(11,50,1,'2019-05-21 00:00:00',NULL,'1980-02-14 00:00:00','2020-11-25 20:19:35'),(13,23,2,'2014-07-01 00:00:00',NULL,'1994-11-02 00:00:00','2020-11-25 20:19:11'),(16,55,2,'2000-01-01 00:00:00',NULL,'1980-09-28 00:00:00','2020-11-25 20:19:11'),(17,36,2,'2008-03-12 00:00:00',NULL,'1978-12-18 00:00:00','2020-11-25 20:19:11'),(18,41,3,'1981-02-14 00:00:00','2020-11-25 20:20:15','2003-06-26 00:00:00','2020-11-25 20:20:15'),(19,1,1,'2002-11-26 00:00:00',NULL,'1992-04-25 00:00:00','2020-11-25 20:19:35'),(26,95,2,'2008-04-28 00:00:00',NULL,'2006-09-09 00:00:00','2020-11-25 20:19:11'),(28,32,2,'2003-12-09 00:00:00',NULL,'2012-12-27 00:00:00','2020-11-25 20:19:11'),(28,99,2,'2001-03-12 00:00:00',NULL,'1982-09-21 00:00:00','2020-11-25 20:19:11'),(29,80,1,'2015-09-24 00:00:00',NULL,'1989-01-16 00:00:00','2020-11-25 20:19:35'),(33,67,2,'2012-11-01 00:00:00',NULL,'1991-09-30 00:00:00','2020-11-25 20:19:11'),(35,47,3,'1971-11-26 00:00:00','2020-11-25 20:20:15','1990-11-09 00:00:00','2020-11-25 20:20:15'),(35,73,1,'1982-10-14 00:00:00',NULL,'1992-09-02 00:00:00','2020-11-25 20:19:35'),(36,35,2,'2005-12-05 00:00:00',NULL,'2010-02-18 00:00:00','2020-11-25 20:19:11'),(36,62,3,'1975-02-08 00:00:00','2020-11-25 20:20:15','2012-08-16 00:00:00','2020-11-25 20:20:15'),(39,76,2,'1990-12-28 00:00:00',NULL,'1988-01-15 00:00:00','2020-11-25 20:19:11'),(40,36,2,'1970-06-25 00:00:00',NULL,'2003-03-16 00:00:00','2020-11-25 20:19:11'),(44,19,1,'2016-08-03 00:00:00',NULL,'1975-08-28 00:00:00','2020-11-25 20:19:35'),(45,55,2,'1980-11-18 00:00:00',NULL,'2014-09-04 00:00:00','2020-11-25 20:19:11'),(47,32,2,'2012-06-29 00:00:00',NULL,'1991-10-05 00:00:00','2020-11-25 20:19:11'),(52,74,3,'1988-01-22 00:00:00','2020-11-25 20:20:15','1978-08-29 00:00:00','2020-11-25 20:20:15'),(53,40,1,'2003-06-14 00:00:00',NULL,'2013-05-14 00:00:00','2020-11-25 20:19:35'),(53,99,3,'2015-01-22 00:00:00','2020-11-25 20:20:15','2011-06-28 00:00:00','2020-11-25 20:20:15'),(54,34,2,'2003-11-01 00:00:00',NULL,'2020-09-14 00:00:00','2020-11-25 20:19:11'),(56,22,1,'2014-10-31 00:00:00',NULL,'1974-09-16 00:00:00','2020-11-25 20:19:35'),(58,8,1,'1989-10-27 00:00:00',NULL,'1979-02-25 00:00:00','2020-11-25 20:19:35'),(58,16,3,'2013-07-08 00:00:00','2020-11-25 20:20:15','1971-01-01 00:00:00','2020-11-25 20:20:15'),(58,82,1,'1992-03-23 00:00:00',NULL,'1970-11-25 00:00:00','2020-11-25 20:19:35'),(59,77,1,'1970-04-23 00:00:00',NULL,'1970-03-17 00:00:00','2020-11-25 20:19:35'),(60,43,3,'1971-12-21 00:00:00','2020-11-25 20:20:15','1987-03-05 00:00:00','2020-11-25 20:20:15'),(62,28,2,'1982-12-14 00:00:00',NULL,'1974-02-06 00:00:00','2020-11-25 20:19:11'),(62,51,2,'2007-11-18 00:00:00',NULL,'1976-02-20 00:00:00','2020-11-25 20:19:11'),(64,15,1,'1973-04-26 00:00:00',NULL,'2003-08-24 00:00:00','2020-11-25 20:19:35'),(64,89,3,'1994-03-28 00:00:00','2020-11-25 20:20:15','1981-11-30 00:00:00','2020-11-25 20:20:15'),(65,99,2,'1999-03-21 00:00:00',NULL,'2015-02-25 00:00:00','2020-11-25 20:19:11'),(70,94,1,'1993-05-02 00:00:00',NULL,'2003-05-13 00:00:00','2020-11-25 20:19:35'),(76,11,3,'1994-08-29 00:00:00','2020-11-25 20:20:15','1986-04-05 00:00:00','2020-11-25 20:20:15'),(76,82,1,'1982-10-20 00:00:00',NULL,'2006-12-18 00:00:00','2020-11-25 20:19:35'),(77,58,2,'1982-02-20 00:00:00',NULL,'1991-09-07 00:00:00','2020-11-25 20:19:11'),(81,60,3,'1995-11-13 00:00:00','2020-11-25 20:20:15','2009-07-01 00:00:00','2020-11-25 20:20:15'),(84,71,1,'1977-03-14 00:00:00',NULL,'1994-07-07 00:00:00','2020-11-25 20:19:35'),(87,35,1,'1977-11-13 00:00:00',NULL,'1991-03-25 00:00:00','2020-11-25 20:19:35'),(88,85,1,'1995-07-14 00:00:00',NULL,'1980-07-08 00:00:00','2020-11-25 20:19:35'),(99,7,3,'1970-06-11 00:00:00','2020-11-25 20:20:15','1997-10-30 00:00:00','2020-11-25 20:20:15');
/*!40000 ALTER TABLE `friendships` ENABLE KEYS */;
UNLOCK TABLES;

--
-- Table structure for table `media`
--

DROP TABLE IF EXISTS `media`;
/*!40101 SET @saved_cs_client     = @@character_set_client */;
/*!50503 SET character_set_client = utf8mb4 */;
CREATE TABLE `media` (
  `id` bigint unsigned NOT NULL AUTO_INCREMENT COMMENT 'Идентификатор строки',
  `user_id` bigint unsigned NOT NULL COMMENT 'Ссылка на пользователя, который загрузил файл',
  `filename` varchar(255) CHARACTER SET utf8 COLLATE utf8_unicode_ci NOT NULL COMMENT 'Путь к файлу',
  `size` int NOT NULL COMMENT 'Размер файла',
  `metadata` json DEFAULT NULL,
  `media_type_id` int unsigned NOT NULL COMMENT 'Ссылка на тип контента',
  `created_at` datetime DEFAULT CURRENT_TIMESTAMP COMMENT 'Время создания строки',
  `updated_at` datetime DEFAULT CURRENT_TIMESTAMP ON UPDATE CURRENT_TIMESTAMP COMMENT 'Время обновления строки',
  UNIQUE KEY `id` (`id`),
  CONSTRAINT `media_chk_1` CHECK (json_valid(`metadata`))
) ENGINE=InnoDB AUTO_INCREMENT=101 DEFAULT CHARSET=utf8 COLLATE=utf8_unicode_ci COMMENT='Медиафайлы';
/*!40101 SET character_set_client = @saved_cs_client */;

--
-- Dumping data for table `media`
--

LOCK TABLES `media` WRITE;
/*!40000 ALTER TABLE `media` DISABLE KEYS */;
INSERT INTO `media` VALUES (1,100,'http://dropbox.net/vk/expeditaErdman.png',314335,'{\"owner\": \"Jimmy Hoppe\"}',2,'2018-11-21 19:03:29','2020-11-25 20:13:06'),(2,19,'http://dropbox.net/vk/repellendusGibson.avi',395916,'{\"owner\": \"Evans Breitenberg\"}',1,'2014-11-09 05:51:02','2020-11-25 20:13:06'),(3,98,'http://dropbox.net/vk/sequiSchiller.mp3',524214,'{\"owner\": \"Bobbie Monahan\"}',1,'2013-03-29 11:49:34','2020-11-25 20:13:06'),(4,29,'http://dropbox.net/vk/dignissimosWindler.mp3',423323,'{\"owner\": \"Austyn Hauck\"}',1,'2015-02-28 17:57:45','2020-11-25 20:13:06'),(5,53,'http://dropbox.net/vk/asperioresHermiston.jpeg',533975,'{\"owner\": \"Lonie Kautzer\"}',1,'2011-05-17 17:56:18','2020-11-25 20:13:06'),(6,78,'http://dropbox.net/vk/possimusMonahan.avi',1510,'{\"owner\": \"Emerald Nolan\"}',2,'2013-10-20 23:36:24','2020-11-25 20:13:06'),(7,29,'http://dropbox.net/vk/exTromp.avi',82274,'{\"owner\": \"Austyn Hauck\"}',2,'2015-12-30 18:13:16','2020-11-25 20:13:06'),(8,12,'http://dropbox.net/vk/quiCollins.mpeg',94411,'{\"owner\": \"Lenora Hackett\"}',1,'2019-11-12 03:51:02','2020-11-25 20:13:06'),(9,71,'http://dropbox.net/vk/laborumHermiston.avi',46507552,'{\"owner\": \"Aisha Cremin\"}',3,'2015-09-24 18:13:42','2020-11-25 20:13:06'),(10,20,'http://dropbox.net/vk/totamDare.mp3',389904,'{\"owner\": \"Howell Emard\"}',3,'2019-03-05 23:17:35','2020-11-25 20:13:06'),(11,87,'http://dropbox.net/vk/expeditaPredovic.avi',58370196,'{\"owner\": \"Candice Bogisich\"}',2,'2012-11-30 03:50:54','2020-11-25 20:13:06'),(12,76,'http://dropbox.net/vk/repellendusBerge.mp3',3412,'{\"owner\": \"Gregoria Gleichner\"}',1,'2014-09-08 04:36:28','2020-11-25 20:13:06'),(13,15,'http://dropbox.net/vk/oditToy.mpeg',337595,'{\"owner\": \"Lisette Kovacek\"}',3,'2014-07-21 16:42:16','2020-11-25 20:13:06'),(14,49,'http://dropbox.net/vk/officiaHauck.avi',508266,'{\"owner\": \"Verda Johnson\"}',1,'2018-08-01 08:00:38','2020-11-25 20:13:06'),(15,1,'http://dropbox.net/vk/sitO\'Reilly.mp3',9256,'{\"owner\": \"Melisa Yundt\"}',1,'2014-07-02 00:03:59','2020-11-25 20:13:06'),(16,54,'http://dropbox.net/vk/molestiaeBaumbach.mpeg',159874,'{\"owner\": \"Francisco Zulauf\"}',2,'2012-10-18 11:14:19','2020-11-25 20:13:06'),(17,70,'http://dropbox.net/vk/estSchiller.mpeg',105724,'{\"owner\": \"Trenton Funk\"}',3,'2019-12-12 16:47:57','2020-11-25 20:13:06'),(18,85,'http://dropbox.net/vk/doloresGleason.mp3',518543,'{\"owner\": \"Kaley Pfannerstill\"}',2,'2012-02-10 18:32:35','2020-11-25 20:13:06'),(19,14,'http://dropbox.net/vk/laboreShields.mpeg',950962,'{\"owner\": \"Arnoldo Volkman\"}',2,'2015-01-08 07:17:57','2020-11-25 20:13:06'),(20,16,'http://dropbox.net/vk/quiCummerata.png',57916,'{\"owner\": \"Ava Rolfson\"}',2,'2014-10-05 10:31:51','2020-11-25 20:13:06'),(21,35,'http://dropbox.net/vk/minusEmard.mp3',199774,'{\"owner\": \"Patience Rice\"}',3,'2011-02-22 02:48:53','2020-11-25 20:13:06'),(22,29,'http://dropbox.net/vk/doloresBarton.mp3',197836489,'{\"owner\": \"Austyn Hauck\"}',2,'2017-08-19 05:29:11','2020-11-25 20:13:06'),(23,40,'http://dropbox.net/vk/autEmard.mp3',569294,'{\"owner\": \"Rita Collins\"}',1,'2016-05-29 11:23:43','2020-11-25 20:13:06'),(24,10,'http://dropbox.net/vk/dolorStrosin.jpeg',723955,'{\"owner\": \"Wendy Konopelski\"}',2,'2018-01-28 11:58:18','2020-11-25 20:13:06'),(25,30,'http://dropbox.net/vk/atFunk.mpeg',1666544,'{\"owner\": \"Dave Pfeffer\"}',1,'2018-01-02 13:48:33','2020-11-25 20:13:06'),(26,19,'http://dropbox.net/vk/architectoHoppe.mp3',1729,'{\"owner\": \"Evans Breitenberg\"}',3,'2014-08-13 19:38:33','2020-11-25 20:13:06'),(27,4,'http://dropbox.net/vk/providentOlson.mp3',90398,'{\"owner\": \"Rosamond Maggio\"}',1,'2014-07-03 23:31:22','2020-11-25 20:13:06'),(28,64,'http://dropbox.net/vk/sedQuitzon.mp3',436025,'{\"owner\": \"Nickolas McKenzie\"}',1,'2017-01-22 18:19:51','2020-11-25 20:13:06'),(29,6,'http://dropbox.net/vk/consequaturOlson.mp3',998263,'{\"owner\": \"Mortimer Blick\"}',1,'2012-05-22 14:31:31','2020-11-25 20:13:06'),(30,37,'http://dropbox.net/vk/veroHalvorson.mp3',918873924,'{\"owner\": \"Columbus Tromp\"}',2,'2015-12-16 15:32:15','2020-11-25 20:13:06'),(31,65,'http://dropbox.net/vk/culpaPfeffer.jpeg',673240,'{\"owner\": \"Claudie Lind\"}',3,'2014-05-31 10:48:36','2020-11-25 20:13:06'),(32,17,'http://dropbox.net/vk/illoBerge.jpeg',361410,'{\"owner\": \"Ova Bayer\"}',1,'2013-08-04 07:25:03','2020-11-25 20:13:06'),(33,89,'http://dropbox.net/vk/etHauck.mpeg',32596,'{\"owner\": \"Olaf Gleason\"}',2,'2017-05-10 11:25:14','2020-11-25 20:13:06'),(34,94,'http://dropbox.net/vk/perferendisGibson.mp3',127252288,'{\"owner\": \"August Hamill\"}',1,'2014-08-04 14:52:10','2020-11-25 20:13:06'),(35,1,'http://dropbox.net/vk/doloremFlatley.jpeg',777330,'{\"owner\": \"Melisa Yundt\"}',2,'2016-08-06 07:45:13','2020-11-25 20:13:06'),(36,23,'http://dropbox.net/vk/ullamDare.avi',797576962,'{\"owner\": \"Audreanne Schiller\"}',1,'2010-12-03 06:35:46','2020-11-25 20:13:06'),(37,12,'http://dropbox.net/vk/nostrumGleason.mpeg',45541504,'{\"owner\": \"Lenora Hackett\"}',1,'2019-03-31 10:13:15','2020-11-25 20:13:06'),(38,89,'http://dropbox.net/vk/etDietrich.mpeg',8714496,'{\"owner\": \"Olaf Gleason\"}',2,'2014-08-11 01:58:57','2020-11-25 20:13:06'),(39,8,'http://dropbox.net/vk/nesciuntEmard.avi',653127,'{\"owner\": \"Wade Erdman\"}',2,'2013-09-08 06:24:28','2020-11-25 20:13:06'),(40,73,'http://dropbox.net/vk/debitisFeest.avi',792421,'{\"owner\": \"Susie Weber\"}',2,'2011-12-23 21:31:53','2020-11-25 20:13:06'),(41,41,'http://dropbox.net/vk/quoStrosin.mpeg',620114,'{\"owner\": \"Franco Gerlach\"}',3,'2018-07-20 16:31:13','2020-11-25 20:13:06'),(42,87,'http://dropbox.net/vk/suscipitPfeffer.mpeg',713310,'{\"owner\": \"Candice Bogisich\"}',3,'2015-11-20 02:21:42','2020-11-25 20:13:06'),(43,8,'http://dropbox.net/vk/doloremqueKohler.jpeg',696209,'{\"owner\": \"Wade Erdman\"}',3,'2016-03-14 01:17:25','2020-11-25 20:13:06'),(44,82,'http://dropbox.net/vk/itaqueLedner.mp3',79825281,'{\"owner\": \"Jazmyne Lubowitz\"}',1,'2018-03-19 21:40:54','2020-11-25 20:13:06'),(45,83,'http://dropbox.net/vk/utKohler.mp3',331116,'{\"owner\": \"Janick Wuckert\"}',1,'2016-03-15 10:21:37','2020-11-25 20:13:06'),(46,68,'http://dropbox.net/vk/facilisBayer.avi',13143786,'{\"owner\": \"Virgie Dietrich\"}',2,'2019-02-22 17:08:08','2020-11-25 20:13:06'),(47,91,'http://dropbox.net/vk/dictaSchiller.jpeg',556953,'{\"owner\": \"Hallie Beer\"}',3,'2015-05-29 10:48:13','2020-11-25 20:13:06'),(48,51,'http://dropbox.net/vk/dolorCremin.mpeg',781415,'{\"owner\": \"Orlando Windler\"}',1,'2014-10-27 04:37:48','2020-11-25 20:13:06'),(49,83,'http://dropbox.net/vk/quiCummerata.jpeg',3922,'{\"owner\": \"Janick Wuckert\"}',3,'2011-04-11 02:28:11','2020-11-25 20:13:06'),(50,61,'http://dropbox.net/vk/nonMarvin.avi',226220,'{\"owner\": \"Devante Bahringer\"}',1,'2015-10-10 06:19:12','2020-11-25 20:13:06'),(51,56,'http://dropbox.net/vk/quisquamErnser.png',776853,'{\"owner\": \"Judy Robel\"}',1,'2020-06-22 10:24:47','2020-11-25 20:13:06'),(52,94,'http://dropbox.net/vk/minusJohnson.mpeg',7574,'{\"owner\": \"August Hamill\"}',3,'2018-03-03 05:13:01','2020-11-25 20:13:06'),(53,3,'http://dropbox.net/vk/quiCrist.jpeg',27180320,'{\"owner\": \"Aiden Strosin\"}',2,'2017-04-14 23:04:44','2020-11-25 20:13:06'),(54,34,'http://dropbox.net/vk/utBayer.mp3',3166,'{\"owner\": \"Layne Dare\"}',3,'2018-02-27 19:59:18','2020-11-25 20:13:06'),(55,61,'http://dropbox.net/vk/dolorPfeffer.mpeg',861501,'{\"owner\": \"Devante Bahringer\"}',3,'2011-01-08 13:40:39','2020-11-25 20:13:06'),(56,1,'http://dropbox.net/vk/debitisSatterfield.png',195607,'{\"owner\": \"Melisa Yundt\"}',1,'2016-01-21 05:08:27','2020-11-25 20:13:06'),(57,20,'http://dropbox.net/vk/magniWaters.mpeg',26861096,'{\"owner\": \"Howell Emard\"}',3,'2014-10-03 21:52:30','2020-11-25 20:13:06'),(58,98,'http://dropbox.net/vk/teneturKohler.jpeg',95644,'{\"owner\": \"Bobbie Monahan\"}',1,'2014-09-22 12:20:25','2020-11-25 20:13:06'),(59,30,'http://dropbox.net/vk/voluptatemGoodwin.avi',328636,'{\"owner\": \"Dave Pfeffer\"}',3,'2020-09-29 04:24:56','2020-11-25 20:13:06'),(60,55,'http://dropbox.net/vk/laudantiumWard.avi',18085,'{\"owner\": \"Baylee Waters\"}',2,'2018-10-24 14:08:03','2020-11-25 20:13:06'),(61,87,'http://dropbox.net/vk/dignissimosConroy.mpeg',637477,'{\"owner\": \"Candice Bogisich\"}',3,'2015-01-10 11:01:43','2020-11-25 20:13:06'),(62,66,'http://dropbox.net/vk/quiKuvalis.jpeg',94880,'{\"owner\": \"Larissa Pollich\"}',2,'2014-04-14 00:41:08','2020-11-25 20:13:06'),(63,69,'http://dropbox.net/vk/aConroy.mpeg',350497,'{\"owner\": \"Jon Jenkins\"}',2,'2011-06-20 10:49:41','2020-11-25 20:13:06'),(64,48,'http://dropbox.net/vk/laboreBins.mp3',10930,'{\"owner\": \"Sean Gutmann\"}',2,'2015-01-14 22:42:23','2020-11-25 20:13:06'),(65,33,'http://dropbox.net/vk/recusandaeBayer.mp3',37137,'{\"owner\": \"Alivia Stark\"}',3,'2012-07-11 00:43:33','2020-11-25 20:13:06'),(66,20,'http://dropbox.net/vk/nonBins.png',590565,'{\"owner\": \"Howell Emard\"}',3,'2014-07-18 09:48:14','2020-11-25 20:13:06'),(67,2,'http://dropbox.net/vk/eaCummerata.jpeg',30395,'{\"owner\": \"Geovanny Quitzon\"}',1,'2016-01-26 20:02:54','2020-11-25 20:13:06'),(68,48,'http://dropbox.net/vk/hicKohler.jpeg',86448397,'{\"owner\": \"Sean Gutmann\"}',1,'2014-08-17 19:03:30','2020-11-25 20:13:06'),(69,35,'http://dropbox.net/vk/rationeHalvorson.jpeg',946499,'{\"owner\": \"Patience Rice\"}',3,'2020-04-28 10:58:09','2020-11-25 20:13:06'),(70,29,'http://dropbox.net/vk/excepturiConroy.mpeg',4167660,'{\"owner\": \"Austyn Hauck\"}',3,'2013-11-02 05:18:14','2020-11-25 20:13:06'),(71,41,'http://dropbox.net/vk/ipsumSchiller.png',567081,'{\"owner\": \"Franco Gerlach\"}',1,'2013-02-08 05:25:09','2020-11-25 20:13:06'),(72,16,'http://dropbox.net/vk/autToy.avi',13349,'{\"owner\": \"Ava Rolfson\"}',3,'2012-04-18 01:31:51','2020-11-25 20:13:06'),(73,58,'http://dropbox.net/vk/saepeRobel.mp3',94488598,'{\"owner\": \"Lexie Ledner\"}',3,'2019-06-28 14:06:01','2020-11-25 20:13:06'),(74,41,'http://dropbox.net/vk/autCummerata.mpeg',370279,'{\"owner\": \"Franco Gerlach\"}',2,'2019-09-30 08:47:38','2020-11-25 20:13:06'),(75,29,'http://dropbox.net/vk/enimGutmann.jpeg',750209,'{\"owner\": \"Austyn Hauck\"}',2,'2015-02-17 20:07:21','2020-11-25 20:13:06'),(76,23,'http://dropbox.net/vk/officiisSchiller.png',74719146,'{\"owner\": \"Audreanne Schiller\"}',3,'2012-11-06 10:56:34','2020-11-25 20:13:06'),(77,28,'http://dropbox.net/vk/ipsumStrosin.mpeg',5614,'{\"owner\": \"Violette Kuvalis\"}',1,'2020-06-03 21:43:20','2020-11-25 20:13:06'),(78,70,'http://dropbox.net/vk/voluptatibusO\'Reilly.mpeg',630210,'{\"owner\": \"Trenton Funk\"}',3,'2015-06-07 18:28:35','2020-11-25 20:13:06'),(79,64,'http://dropbox.net/vk/fugitNolan.mpeg',890423,'{\"owner\": \"Nickolas McKenzie\"}',1,'2015-05-19 09:38:46','2020-11-25 20:13:06'),(80,11,'http://dropbox.net/vk/quiaNolan.jpeg',551486,'{\"owner\": \"Adrianna Marvin\"}',1,'2011-04-27 05:46:08','2020-11-25 20:13:06'),(81,61,'http://dropbox.net/vk/quiaHamill.png',414184935,'{\"owner\": \"Devante Bahringer\"}',2,'2018-11-19 17:47:23','2020-11-25 20:13:06'),(82,73,'http://dropbox.net/vk/consequaturSchiller.jpeg',76162,'{\"owner\": \"Susie Weber\"}',2,'2020-09-25 21:41:40','2020-11-25 20:13:06'),(83,80,'http://dropbox.net/vk/ipsaBins.png',6672082,'{\"owner\": \"Reginald Kohler\"}',2,'2014-12-25 08:07:13','2020-11-25 20:13:06'),(84,79,'http://dropbox.net/vk/liberoWeber.mpeg',87218149,'{\"owner\": \"Nathanael Feest\"}',3,'2017-07-25 10:15:24','2020-11-25 20:13:06'),(85,58,'http://dropbox.net/vk/perspiciatisWeber.jpeg',716352,'{\"owner\": \"Lexie Ledner\"}',1,'2017-02-24 07:37:50','2020-11-25 20:13:06'),(86,49,'http://dropbox.net/vk/dolorFeest.mp3',343273,'{\"owner\": \"Verda Johnson\"}',1,'2013-10-24 11:15:35','2020-11-25 20:13:06'),(87,72,'http://dropbox.net/vk/abVeum.jpeg',473412,'{\"owner\": \"Clair Barton\"}',1,'2018-01-23 02:29:04','2020-11-25 20:13:06'),(88,15,'http://dropbox.net/vk/utHintz.mpeg',21635786,'{\"owner\": \"Lisette Kovacek\"}',3,'2012-09-02 01:08:44','2020-11-25 20:13:06'),(89,55,'http://dropbox.net/vk/doloresHackett.mpeg',69399266,'{\"owner\": \"Baylee Waters\"}',2,'2012-11-19 16:23:35','2020-11-25 20:13:06'),(90,31,'http://dropbox.net/vk/sintQuitzon.mpeg',557311,'{\"owner\": \"Elizabeth Baumbach\"}',2,'2020-09-05 05:43:08','2020-11-25 20:13:06'),(91,88,'http://dropbox.net/vk/suscipitToy.mp3',91811,'{\"owner\": \"Monte Kihn\"}',2,'2020-03-23 09:58:07','2020-11-25 20:13:06'),(92,46,'http://dropbox.net/vk/solutaWard.jpeg',746735,'{\"owner\": \"Flossie Breitenberg\"}',2,'2017-01-22 23:02:43','2020-11-25 20:13:06'),(93,67,'http://dropbox.net/vk/ipsaNolan.mpeg',47461013,'{\"owner\": \"Cynthia Zemlak\"}',2,'2016-06-04 04:37:15','2020-11-25 20:13:06'),(94,95,'http://dropbox.net/vk/perspiciatisGoodwin.png',44332,'{\"owner\": \"Conrad Flatley\"}',2,'2019-07-15 08:45:25','2020-11-25 20:13:06'),(95,75,'http://dropbox.net/vk/etFeest.mp3',70940834,'{\"owner\": \"Domenic O\'Reilly\"}',1,'2016-06-10 07:37:45','2020-11-25 20:13:06'),(96,91,'http://dropbox.net/vk/porroSatterfield.png',51744,'{\"owner\": \"Hallie Beer\"}',1,'2014-05-08 06:36:12','2020-11-25 20:13:06'),(97,29,'http://dropbox.net/vk/ducimusCrist.avi',1008517,'{\"owner\": \"Austyn Hauck\"}',2,'2013-12-09 03:14:37','2020-11-25 20:13:06'),(98,69,'http://dropbox.net/vk/sapienteLubowitz.mpeg',4772,'{\"owner\": \"Jon Jenkins\"}',3,'2012-08-23 16:39:41','2020-11-25 20:13:06'),(99,60,'http://dropbox.net/vk/ametBins.mpeg',429534003,'{\"owner\": \"Alicia Ullrich\"}',1,'2016-05-25 19:38:26','2020-11-25 20:13:06'),(100,90,'http://dropbox.net/vk/namWaters.jpeg',8980,'{\"owner\": \"Queenie Crist\"}',2,'2018-06-07 15:25:48','2020-11-25 20:13:06');
/*!40000 ALTER TABLE `media` ENABLE KEYS */;
UNLOCK TABLES;

--
-- Table structure for table `media_types`
--

DROP TABLE IF EXISTS `media_types`;
/*!40101 SET @saved_cs_client     = @@character_set_client */;
/*!50503 SET character_set_client = utf8mb4 */;
CREATE TABLE `media_types` (
  `id` bigint unsigned NOT NULL AUTO_INCREMENT COMMENT 'Идентификатор строки',
  `name` varchar(255) CHARACTER SET utf8 COLLATE utf8_unicode_ci NOT NULL COMMENT 'Название типа',
  `created_at` datetime DEFAULT CURRENT_TIMESTAMP COMMENT 'Время создания строки',
  `updated_at` datetime DEFAULT CURRENT_TIMESTAMP ON UPDATE CURRENT_TIMESTAMP COMMENT 'Время обновления строки',
  UNIQUE KEY `id` (`id`),
  UNIQUE KEY `name` (`name`)
) ENGINE=InnoDB AUTO_INCREMENT=4 DEFAULT CHARSET=utf8 COLLATE=utf8_unicode_ci COMMENT='Типы медиафайлов';
/*!40101 SET character_set_client = @saved_cs_client */;

--
-- Dumping data for table `media_types`
--

LOCK TABLES `media_types` WRITE;
/*!40000 ALTER TABLE `media_types` DISABLE KEYS */;
INSERT INTO `media_types` VALUES (1,'photo','2020-11-25 20:11:34','2020-11-25 20:11:34'),(2,'video','2020-11-25 20:11:34','2020-11-25 20:11:34'),(3,'audio','2020-11-25 20:11:34','2020-11-25 20:11:34');
/*!40000 ALTER TABLE `media_types` ENABLE KEYS */;
UNLOCK TABLES;

--
-- Table structure for table `messages`
--

DROP TABLE IF EXISTS `messages`;
/*!40101 SET @saved_cs_client     = @@character_set_client */;
/*!50503 SET character_set_client = utf8mb4 */;
CREATE TABLE `messages` (
  `id` bigint unsigned NOT NULL AUTO_INCREMENT COMMENT 'Идентификатор строки',
  `from_user_id` bigint unsigned NOT NULL COMMENT 'Ссылка на отправителя сообщения',
  `to_user_id` bigint unsigned NOT NULL COMMENT 'Ссылка на получателя сообщения',
  `body` text CHARACTER SET utf8 COLLATE utf8_unicode_ci NOT NULL COMMENT 'Текст сообщения',
  `is_important` tinyint(1) DEFAULT NULL COMMENT 'Признак важности',
  `is_delivered` tinyint(1) DEFAULT NULL COMMENT 'Признак доставки',
  `created_at` datetime DEFAULT CURRENT_TIMESTAMP COMMENT 'Время создания строки',
  `updated_at` datetime DEFAULT CURRENT_TIMESTAMP ON UPDATE CURRENT_TIMESTAMP COMMENT 'Время обновления строки',
  UNIQUE KEY `id` (`id`)
) ENGINE=InnoDB AUTO_INCREMENT=101 DEFAULT CHARSET=utf8 COLLATE=utf8_unicode_ci COMMENT='Сообщения';
/*!40101 SET character_set_client = @saved_cs_client */;

--
-- Dumping data for table `messages`
--

LOCK TABLES `messages` WRITE;
/*!40000 ALTER TABLE `messages` DISABLE KEYS */;
INSERT INTO `messages` VALUES (1,13,13,'Maxime eum voluptates error. Ut perferendis et aut deleniti dicta amet. Est eos officia harum quo. Sequi nihil mollitia qui fugiat quaerat. Quia sed deleniti ad minus sequi et sint.',0,1,'2016-09-08 09:49:25','2020-11-25 20:10:18'),(2,27,94,'Dolor voluptatum et molestiae aut ducimus dolorum. Nulla sint et reprehenderit alias. Amet maiores omnis qui aut inventore qui est.',1,1,'2012-04-15 03:51:27','2020-11-25 20:10:18'),(3,90,68,'Illo quis quia minima nostrum quia excepturi et consequuntur. Est quae voluptatem hic. Ex dolor consequatur omnis.',0,0,'2015-01-20 00:58:45','2020-11-25 20:10:18'),(4,70,45,'Ut nihil magnam nisi qui assumenda. Aut commodi dignissimos doloremque iusto excepturi nisi cupiditate. Sed qui qui labore quam. Nam rem dicta quia distinctio similique autem aliquam.',0,0,'2014-12-01 01:17:43','2020-11-25 20:10:18'),(5,13,28,'Animi sed molestiae quia dolore animi delectus cumque tempore. Delectus odio quia sed eum. Minus velit quasi sunt aut. Atque cumque voluptatum et maiores ut voluptatem iure. Qui sed voluptates quo eius commodi non commodi.',0,0,'2013-09-01 16:19:09','2020-11-25 20:10:18'),(6,4,33,'Nemo est est enim dicta. Debitis quod perferendis beatae perspiciatis. Dolore ab temporibus ea repellendus ipsa voluptate. Minus ea odio qui est veniam. Ab sint quia nostrum et qui veniam.',0,0,'2017-04-08 12:05:08','2020-11-25 20:10:18'),(7,54,69,'Voluptas modi est dolor quidem et eum dolore. Temporibus alias est est excepturi repellendus. Omnis nobis ullam corrupti beatae nam aut. Mollitia unde est error at possimus minima.',0,0,'2018-01-26 08:33:43','2020-11-25 20:10:18'),(8,82,4,'Fugiat aspernatur consequatur ad quod corrupti architecto qui. Porro animi et placeat mollitia quaerat nihil. Iste temporibus atque nemo impedit suscipit.',0,1,'2019-08-21 18:47:01','2020-11-25 20:10:18'),(9,74,56,'Quibusdam exercitationem nostrum voluptatem eum assumenda ipsa autem. Et et et quisquam ullam voluptatibus. Earum qui odio id sequi.',0,1,'2016-02-03 22:11:15','2020-11-25 20:10:18'),(10,58,20,'Nobis quo delectus nesciunt et qui ut velit. Doloremque vel at perferendis. Dignissimos hic exercitationem excepturi eveniet et. Eaque error nostrum est excepturi dicta.',1,1,'2011-10-07 10:02:56','2020-11-25 20:10:18'),(11,26,72,'Incidunt maiores ea officia expedita doloremque modi. Quia quos sit magnam soluta et hic harum.',1,0,'2013-10-20 22:49:33','2020-11-25 20:10:18'),(12,78,75,'Eveniet repellendus et voluptates cumque perspiciatis aut autem. Ab hic nam repudiandae ratione dolor. Excepturi commodi minima totam voluptatum.',0,1,'2015-01-06 10:39:49','2020-11-25 20:10:18'),(13,40,76,'Aperiam error ex harum. Cum ipsam qui eius. Aut nihil dolores at eum.',0,1,'2016-03-13 03:40:23','2020-11-25 20:10:18'),(14,58,63,'Aut illum rerum corrupti aut pariatur. Quidem pariatur non dolores id. Quaerat odio consequatur aut.',0,1,'2015-09-03 21:41:01','2020-11-25 20:10:18'),(15,41,15,'Ad magnam quia ut sint ut magnam beatae. Consequuntur et rerum architecto enim aut laborum ut. Voluptate molestiae recusandae dolores voluptate corrupti. Deserunt et doloribus eum nemo neque voluptatem distinctio.',1,0,'2015-03-19 13:10:25','2020-11-25 20:10:18'),(16,52,13,'Porro distinctio in consequatur. Ipsum officia doloribus cupiditate minus ut. Officia explicabo est voluptas suscipit.',0,0,'2013-08-08 05:34:28','2020-11-25 20:10:18'),(17,11,13,'Est autem dolorum molestias porro quas. Sit dolorem aut neque nulla totam aperiam. Dolores ad nulla sunt illo ullam ut illo. Ab excepturi labore modi sint provident repellendus rerum.',0,0,'2015-01-15 03:52:18','2020-11-25 20:10:18'),(18,33,23,'Sunt culpa quia explicabo tenetur exercitationem perferendis. Quam ut fuga tempora recusandae. Non qui et corrupti vel fugit cupiditate.',0,0,'2012-03-19 00:04:53','2020-11-25 20:10:18'),(19,18,21,'Praesentium possimus magni velit consequuntur blanditiis ut doloribus eum. Rem natus non qui pariatur odio ut velit. Dolore qui nam iure doloremque. Corrupti voluptatem explicabo id eius rerum quasi culpa provident.',0,1,'2017-06-08 14:53:33','2020-11-25 20:10:18'),(20,50,85,'Quasi libero est id possimus placeat voluptas nihil ut. Eum nihil omnis veritatis molestias laborum. At deleniti ex tempore hic est.',0,0,'2013-11-25 18:39:52','2020-11-25 20:10:18'),(21,74,16,'Magnam expedita aut molestiae accusantium autem. Praesentium soluta qui maxime temporibus dolore. Quasi nihil sed debitis molestiae nihil. Est consequatur tempora laudantium vitae dolor inventore in.',0,0,'2014-01-20 00:38:28','2020-11-25 20:10:18'),(22,56,33,'Natus labore sed nihil ut. Mollitia voluptas veritatis et sit.',0,0,'2014-06-06 19:55:08','2020-11-25 20:10:18'),(23,97,85,'Recusandae necessitatibus impedit eius aut consequatur. Ex cupiditate vel dolores accusamus tenetur non animi. Voluptatibus unde qui molestias officia. Sit ea autem cum laboriosam.',0,0,'2014-01-05 11:53:28','2020-11-25 20:10:18'),(24,35,18,'Error vel vero consequatur dolor odio itaque. Voluptatem iure earum minima blanditiis et. Necessitatibus non impedit qui corporis totam eum ducimus. Necessitatibus ab in alias non nostrum sint.',1,1,'2011-04-21 01:05:22','2020-11-25 20:10:18'),(25,85,71,'Asperiores harum ex commodi nemo id. Unde ut dignissimos molestias aperiam nihil. Autem repellat veritatis cum qui facere iste ut. Quae assumenda ut officia.',0,1,'2016-12-12 23:47:33','2020-11-25 20:10:18'),(26,1,88,'Et dolorum accusamus explicabo cum. Soluta ad quam unde quibusdam. Impedit numquam autem non voluptatibus quia voluptas.',1,0,'2019-12-06 23:21:42','2020-11-25 20:10:18'),(27,39,29,'Qui facilis placeat voluptatem voluptatibus omnis. Commodi sit harum corporis illum. Facere dolor temporibus sunt sint est. Dignissimos vitae accusamus aperiam consequatur.',1,1,'2014-09-02 22:50:12','2020-11-25 20:10:18'),(28,30,61,'Esse corporis enim quidem eum et non unde. Quia vel ratione quia enim. Et soluta velit iste magni. Modi suscipit esse autem autem quod.',0,0,'2012-01-22 21:01:03','2020-11-25 20:10:18'),(29,16,96,'Assumenda et aut molestiae quo qui. Facere explicabo magni possimus non laborum nemo veniam. Dolores et assumenda harum ut harum dicta. Nisi ut quaerat sequi laborum quia a omnis maiores. Molestiae dolor et aliquam qui doloribus placeat.',0,0,'2015-08-05 20:52:57','2020-11-25 20:10:18'),(30,33,77,'Nostrum alias iusto voluptate. Aut iste et magnam in nisi eum. Veritatis aut libero iusto vel est.',1,1,'2011-02-21 19:02:30','2020-11-25 20:10:18'),(31,82,82,'Voluptas praesentium doloremque saepe sit. Sint libero ullam eum qui voluptatum ipsa vel. Aut quia et quae ea doloribus dolores labore. Sunt minus quasi magnam recusandae reprehenderit iusto non.',1,1,'2015-09-20 11:04:05','2020-11-25 20:10:18'),(32,62,62,'Ut dicta et culpa sed assumenda magni voluptatem labore. Hic velit eum iure sint id. Inventore qui at quia incidunt blanditiis rerum quam repellat. Esse est consequatur in quae officia nulla eaque.',0,1,'2013-12-03 01:20:28','2020-11-25 20:10:18'),(33,27,45,'Id accusamus quia velit molestiae quod quo eveniet qui. Accusamus explicabo ab animi iusto similique omnis aut. Voluptatem excepturi et magnam voluptas dolorem nobis consectetur.',1,1,'2012-02-06 14:00:44','2020-11-25 20:10:18'),(34,45,89,'Adipisci ut eligendi ut reprehenderit. Illum omnis dolorem praesentium dolorem recusandae modi. Consequuntur eum qui praesentium et sit consectetur.',0,1,'2016-02-04 14:20:19','2020-11-25 20:10:18'),(35,11,85,'Error dolor quo ut rerum maxime excepturi. Voluptas sunt molestiae cum mollitia neque et velit. Quia qui omnis dolorum magnam voluptatem iusto ex optio. Voluptas maxime accusantium dolorem.',0,0,'2013-10-26 02:18:34','2020-11-25 20:10:18'),(36,93,9,'Soluta aut dolorem quasi praesentium omnis quidem sed. Dolores laborum et soluta distinctio. Cupiditate culpa possimus autem enim. Asperiores deleniti et nisi placeat quo laboriosam harum. Mollitia facere quibusdam consequuntur laudantium quia unde.',0,1,'2012-04-26 20:31:06','2020-11-25 20:10:18'),(37,67,6,'Et autem laudantium provident officia eveniet illo odio. Voluptatem quo dolorem eum odio aliquam non laboriosam. Rerum illo soluta et possimus nulla. Dolores eum voluptatem ipsam explicabo mollitia.',0,0,'2019-05-10 10:03:07','2020-11-25 20:10:18'),(38,30,31,'Cum animi rerum sint ipsum culpa. Incidunt tempora voluptatem exercitationem ut. Vero est libero explicabo ut maxime.',0,0,'2012-01-21 12:19:04','2020-11-25 20:10:18'),(39,66,37,'Nihil earum quis sed doloribus. Et qui quis aut voluptatum a velit. Eos non eum omnis sequi. Nesciunt nam accusantium quia est eum qui exercitationem.',0,1,'2019-09-22 10:16:04','2020-11-25 20:10:18'),(40,85,13,'Temporibus dolorem et autem aspernatur. Fugit atque dolores omnis in velit. Et nobis corporis molestiae nulla.',0,0,'2015-02-11 09:19:00','2020-11-25 20:10:18'),(41,10,12,'Ad tenetur ad tempora earum qui. Saepe nobis eos repudiandae dolores a nihil deleniti. Aut eos velit nobis dolore. Officia ea magnam consequatur.',0,1,'2019-11-11 09:12:14','2020-11-25 20:10:18'),(42,27,100,'Sunt veniam temporibus quidem eos tempore aut unde. Velit id sint repellendus et deleniti qui incidunt quam. Numquam et consequuntur explicabo consequatur dolores. Fugiat eos consequatur et. Corrupti consequuntur debitis voluptas corporis ut laboriosam quia sint.',0,0,'2014-04-28 18:58:54','2020-11-25 20:10:18'),(43,17,85,'Suscipit vitae officia voluptas amet ut corporis. Animi mollitia ut totam. Ut ratione numquam quas at voluptatem.',0,1,'2013-08-10 08:46:20','2020-11-25 20:10:18'),(44,72,6,'Quia maiores quibusdam asperiores odio provident. Error quia corrupti eos aut a aspernatur aperiam. Repellendus recusandae voluptatum est consectetur quis.',0,0,'2020-08-14 02:19:33','2020-11-25 20:10:18'),(45,14,51,'Voluptatem laudantium in consequatur doloremque rerum quibusdam aut. Culpa quod molestiae quidem quaerat voluptates. Nihil rerum ipsa ut velit molestiae. Rerum est ad dolor facere rem numquam.',0,1,'2015-12-28 05:11:00','2020-11-25 20:10:18'),(46,14,13,'Ut possimus earum deleniti rerum eaque fuga. Temporibus consectetur beatae sed omnis aut nulla qui magni. Qui necessitatibus dicta voluptas.',1,1,'2011-12-06 09:28:07','2020-11-25 20:10:18'),(47,26,90,'Inventore et dolores labore dolorum qui ipsum. Voluptas ad quaerat magnam expedita. Aliquam voluptatem voluptatem sit.',0,0,'2017-02-27 23:28:04','2020-11-25 20:10:18'),(48,69,76,'Unde ut deleniti assumenda. Autem commodi quidem voluptatem est.',0,1,'2014-04-12 18:30:34','2020-11-25 20:10:18'),(49,72,33,'Sit quis dignissimos accusantium iusto deserunt ea ratione. Sunt neque architecto dolorem similique ut. Eaque necessitatibus et ab quos consectetur.',0,0,'2020-07-23 05:55:08','2020-11-25 20:10:18'),(50,49,43,'Numquam quisquam doloremque animi libero et vel neque. Eum maxime non totam voluptas. Et modi sint et et nihil.',0,0,'2018-08-18 20:08:35','2020-11-25 20:10:18'),(51,70,19,'Ea illo et quo commodi. Tenetur aut expedita ut atque voluptas neque est.',0,0,'2019-12-21 15:28:55','2020-11-25 20:10:18'),(52,86,72,'Modi consequuntur tempore aut fugit asperiores. Incidunt doloribus tenetur quia eos quaerat accusamus inventore. Sequi quia aspernatur eligendi earum qui sunt modi. Doloremque perferendis illum voluptatibus.',0,0,'2012-11-20 12:04:21','2020-11-25 20:10:18'),(53,99,81,'Voluptas non et animi sunt mollitia. Ad consectetur aut id quisquam et. Eligendi ex ut quam voluptatem porro voluptatum nulla. At expedita voluptas eaque reiciendis vero iste blanditiis similique. Et quasi numquam consequuntur necessitatibus et aspernatur ut.',0,1,'2018-03-01 19:11:56','2020-11-25 20:10:18'),(54,7,91,'Quo reiciendis aut hic quas. Autem sint dolores dolorum ut blanditiis. Repellat laborum ad perferendis dolorem autem.',0,1,'2012-03-22 22:56:27','2020-11-25 20:10:18'),(55,33,91,'Consequatur voluptatem reprehenderit dolores. Quia ullam autem sit voluptatem et. Libero repudiandae vel facere accusantium quia et ut.',1,1,'2012-08-03 07:42:17','2020-11-25 20:10:18'),(56,57,10,'Deleniti quisquam quidem veniam delectus. A numquam soluta veniam tenetur ab possimus. Esse voluptates sequi qui dolore non esse.',0,0,'2013-12-22 11:19:33','2020-11-25 20:10:18'),(57,81,72,'Consectetur ratione necessitatibus voluptatem. Expedita quo incidunt voluptates eos. Assumenda aut voluptatem distinctio commodi aut.',1,0,'2018-07-02 17:40:01','2020-11-25 20:10:18'),(58,19,77,'Commodi soluta assumenda illum officia amet. Qui voluptatem commodi id aliquid. Perspiciatis neque omnis quibusdam dolore temporibus. Necessitatibus ducimus magni iure ut quaerat similique.',0,1,'2016-04-01 00:48:12','2020-11-25 20:10:18'),(59,28,8,'Et illum blanditiis ut quos nesciunt culpa sint. Consectetur velit excepturi sit voluptatem repudiandae totam pariatur. Nihil dolores iusto necessitatibus voluptatem.',0,0,'2015-12-08 19:51:58','2020-11-25 20:10:18'),(60,57,58,'Alias aperiam et libero corrupti facere. Saepe neque at dolor eaque. Vel non aut earum ut voluptatem sed. Quos neque mollitia dignissimos corporis iste qui rerum. Voluptatem labore adipisci eos voluptate qui.',1,0,'2011-11-12 10:27:02','2020-11-25 20:10:18'),(61,18,17,'Similique dolor eius odit repellat. Voluptatibus magni magni deserunt aperiam dolor neque voluptatum. Nemo neque aliquid praesentium molestias. Expedita architecto repudiandae voluptas sunt.',0,1,'2011-09-13 22:29:02','2020-11-25 20:10:18'),(62,32,5,'Commodi ducimus sequi accusamus voluptatem quisquam. Omnis illum ea quis voluptate sit. Sequi eligendi illo blanditiis deserunt distinctio qui tempora aut.',0,0,'2011-04-13 01:20:52','2020-11-25 20:10:18'),(63,31,38,'Ea et omnis ex voluptas amet nam. Dicta debitis ipsum vel veritatis. Exercitationem consectetur commodi perferendis fugit molestiae. Quia quia placeat provident ut. Culpa odit ipsa dolorem nihil.',0,1,'2012-07-14 03:16:01','2020-11-25 20:10:18'),(64,97,72,'Id voluptas qui vitae ea consequuntur. Excepturi ut deserunt eveniet et. Quam et quis qui iste aut nulla alias ut.',0,0,'2011-01-25 18:26:29','2020-11-25 20:10:18'),(65,67,18,'Sapiente optio fuga quod enim ea voluptatum. Facere error qui voluptatem blanditiis sapiente. Soluta iusto ducimus quibusdam eaque eveniet animi ratione. Nam dolore id aut consequatur in nam.',0,1,'2018-06-10 03:55:04','2020-11-25 20:10:18'),(66,89,89,'Dolorem a inventore dolores sed nesciunt. Quaerat doloremque voluptatibus beatae autem eos velit aut. Molestiae cupiditate aut velit qui tempore culpa.',0,0,'2014-08-25 09:08:39','2020-11-25 20:10:18'),(67,77,20,'Ea velit et cupiditate veniam quaerat. Id quia soluta impedit consequuntur.',0,1,'2015-04-22 12:47:34','2020-11-25 20:10:18'),(68,67,75,'Aut id in assumenda animi quaerat voluptas. Tempore repudiandae eos eligendi. Illum sit incidunt enim facilis aut veritatis aut.',1,1,'2019-12-04 10:59:16','2020-11-25 20:10:18'),(69,73,41,'Et nisi repellendus ex magnam sed. Dolorem totam consequatur accusamus sint. Velit dolores autem maxime mollitia eos.',0,0,'2020-02-27 21:31:17','2020-11-25 20:10:18'),(70,87,9,'Rerum enim numquam rerum veritatis eos necessitatibus. Voluptatem non necessitatibus voluptate nam veritatis quas. In autem libero voluptas dicta aut. Tenetur officiis impedit quas nam voluptatum est animi.',1,1,'2010-12-18 09:18:22','2020-11-25 20:10:18'),(71,83,86,'Ea laudantium id aspernatur ab saepe. Et vel ullam cupiditate quis. Fuga aut accusantium sed porro exercitationem. Porro nisi debitis cum voluptatem tenetur quae.',0,0,'2020-02-19 04:22:04','2020-11-25 20:10:18'),(72,83,55,'Qui in nisi mollitia et. Doloribus quisquam sapiente assumenda. Non est sequi voluptatem tempore error. Quidem quod facilis similique fuga vel iste fuga.',1,0,'2013-02-15 04:13:26','2020-11-25 20:10:18'),(73,26,66,'Accusantium tempore ut non iusto suscipit magnam. Veniam saepe qui nobis veritatis. Aspernatur facilis dolores corrupti et ad impedit consequatur.',0,1,'2014-08-06 00:42:07','2020-11-25 20:10:18'),(74,52,59,'Eum deleniti quis sit est necessitatibus et alias. Est iure neque architecto nobis tempore. Laudantium et dolorem officia et. Asperiores rerum qui optio velit.',1,1,'2012-10-27 02:54:48','2020-11-25 20:10:18'),(75,38,14,'Ut aut quasi mollitia ea ea. Quis in non provident cum porro dolores. Perspiciatis tempora provident corporis est officiis voluptatem maxime.',1,1,'2012-09-01 11:11:46','2020-11-25 20:10:18'),(76,54,27,'Adipisci sit ut doloribus. Magnam quo quia et iure autem cumque. Dolorum distinctio expedita sed est quidem repudiandae.',0,1,'2011-09-22 10:37:49','2020-11-25 20:10:18'),(77,75,93,'Delectus perferendis et sit alias mollitia ipsum. Qui architecto est qui omnis qui. Aut quaerat sed consequatur labore. Exercitationem corrupti et perspiciatis quisquam aut totam.',0,1,'2014-05-02 21:20:48','2020-11-25 20:10:18'),(78,39,15,'Autem vitae repellendus voluptatem magnam voluptate rerum et architecto. Praesentium cupiditate blanditiis recusandae officiis non. Aliquam occaecati iste nihil dicta quo autem et.',1,0,'2019-10-12 22:49:02','2020-11-25 20:10:18'),(79,57,41,'Voluptas voluptas ipsam id molestiae aut et consequuntur fugiat. Quibusdam beatae quod voluptatem consequatur. Voluptatem in debitis non ullam.',0,1,'2017-01-11 19:44:02','2020-11-25 20:10:18'),(80,34,45,'Sint fuga nesciunt consectetur consequatur ipsum. Ut facilis tempora voluptatibus accusamus soluta. Itaque ducimus doloribus omnis aut odio deserunt.',0,0,'2019-08-04 14:11:07','2020-11-25 20:10:18'),(81,25,86,'Aliquid hic similique deserunt expedita. Quod ut qui nesciunt iste ea quo. Voluptas cumque assumenda occaecati officia suscipit totam. Non sit voluptate qui deleniti alias rem.',1,1,'2016-02-17 09:19:47','2020-11-25 20:10:18'),(82,58,28,'Debitis delectus dolores quis deserunt blanditiis. Rerum maxime ad sit perferendis velit enim quos. Excepturi et expedita dolor distinctio qui. Doloribus inventore est cum harum. Sed harum vel tempore maiores sed soluta explicabo.',0,0,'2017-01-08 10:13:57','2020-11-25 20:10:18'),(83,68,56,'Omnis alias nesciunt sunt repudiandae odio dolor et ea. Dolore at sapiente corrupti molestiae. Doloremque quae dolores est est enim incidunt.',0,1,'2020-10-02 05:14:59','2020-11-25 20:10:18'),(84,74,1,'Vero possimus quam inventore nesciunt quis. Aliquam ut consequatur sequi reprehenderit.',0,0,'2019-12-31 14:12:29','2020-11-25 20:10:18'),(85,85,20,'Autem suscipit est aut id sunt reiciendis aut. Aut suscipit aut exercitationem modi vel ut. Quia ab itaque in quia.',0,1,'2012-05-14 06:16:13','2020-11-25 20:10:18'),(86,46,67,'Earum autem quos consequatur. Ea veritatis vel tempore quo quo provident. Qui est aut illum harum velit et cupiditate. Tempora minus unde tenetur amet aspernatur laborum non id.',1,1,'2015-08-05 10:56:13','2020-11-25 20:10:18'),(87,98,87,'Dolorem rerum provident mollitia et. Et alias ut sint ut culpa.',0,0,'2019-06-08 21:42:18','2020-11-25 20:10:18'),(88,42,47,'Consequatur ipsa cupiditate asperiores praesentium est autem. Iure sint iure natus aut enim et dolores. Earum non quaerat magni eum ratione cum voluptates.',0,1,'2017-12-23 09:28:41','2020-11-25 20:10:18'),(89,9,3,'Non aut odio sit labore unde repudiandae ut. Labore enim autem totam. Ut quibusdam sed error dolor et error aspernatur.',0,0,'2013-10-20 17:52:20','2020-11-25 20:10:18'),(90,86,22,'Molestias voluptatibus aliquam vitae officia qui. Occaecati pariatur ab aut officiis et sint. Nihil et quaerat totam voluptates consequuntur omnis. Pariatur ipsam voluptates fuga consequatur facere labore odit.',1,1,'2010-12-21 17:29:27','2020-11-25 20:10:18'),(91,49,82,'Mollitia alias quis labore rerum minima. Velit fugiat deleniti tenetur. Aliquid praesentium quasi temporibus aut quo. Ipsam ex ipsa modi ad ducimus.',0,0,'2016-10-23 23:06:02','2020-11-25 20:10:18'),(92,60,54,'Corrupti delectus laborum unde quaerat ipsa. Quod nihil qui nostrum nulla. Esse expedita aut rem minima in.',0,1,'2018-10-28 11:52:36','2020-11-25 20:10:18'),(93,90,85,'Ipsam non eum dolores pariatur et. Asperiores sequi maiores molestiae eligendi velit itaque itaque. Sed modi fuga commodi illo. In rerum sequi rem tenetur.',0,1,'2019-11-20 07:55:15','2020-11-25 20:10:18'),(94,58,31,'At nihil quibusdam qui sit. Non voluptas qui at veritatis iste. Cupiditate commodi necessitatibus dolorem illo. Quibusdam qui ad nihil itaque.',0,1,'2015-05-25 19:21:01','2020-11-25 20:10:18'),(95,84,25,'Assumenda sed animi ea. Temporibus asperiores voluptatibus quis excepturi. Ea cupiditate alias facilis dolor sit est.',0,0,'2014-12-24 16:54:03','2020-11-25 20:10:18'),(96,73,88,'Ut illo recusandae consectetur culpa quam enim nihil. Veniam omnis totam quibusdam aut quia repellat. Ex sint possimus ut saepe labore.',0,0,'2015-04-29 22:10:02','2020-11-25 20:10:18'),(97,21,41,'Consequatur voluptas numquam cum omnis esse reprehenderit fugiat. Ut et dolorem vel. Repudiandae labore voluptatem doloribus hic in. Sapiente aut dolor odio in autem.',1,0,'2016-11-26 23:51:23','2020-11-25 20:10:18'),(98,40,77,'Voluptatem molestiae hic assumenda tempora nihil temporibus est. Aliquam perferendis quasi non consequuntur minus. Est et et qui unde tempora voluptatum.',0,0,'2019-04-26 16:58:10','2020-11-25 20:10:18'),(99,63,86,'Consequatur quia sit consequatur eius. In accusantium eaque dolores quisquam inventore. Quia illo rem mollitia sequi sunt.',0,1,'2015-05-04 19:06:16','2020-11-25 20:10:18'),(100,39,37,'Accusamus nisi porro quo id fugit. Nesciunt iusto commodi voluptatibus rerum aspernatur quaerat. Et quam dolor incidunt vero ut. Aut quidem vero eius assumenda dolorem.',0,1,'2017-03-03 17:28:58','2020-11-25 20:10:18');
/*!40000 ALTER TABLE `messages` ENABLE KEYS */;
UNLOCK TABLES;

--
-- Table structure for table `profiles`
--

DROP TABLE IF EXISTS `profiles`;
/*!40101 SET @saved_cs_client     = @@character_set_client */;
/*!50503 SET character_set_client = utf8mb4 */;
CREATE TABLE `profiles` (
  `user_id` bigint DEFAULT NULL COMMENT 'Ссылка на пользователя',
  `gender` char(1) CHARACTER SET utf8 COLLATE utf8_unicode_ci NOT NULL COMMENT 'Пол',
  `birthday` date DEFAULT NULL COMMENT 'Дата рождения',
  `photo_id` bigint unsigned DEFAULT NULL COMMENT 'Ссылка на основную фотографию пользователя',
  `status_id` bigint unsigned DEFAULT NULL COMMENT 'Ссылка на статус пользователя',
  `city_id` bigint DEFAULT NULL COMMENT 'Ссылка на город проживания',
  `country_id` bigint DEFAULT NULL COMMENT 'Ссылка на страну проживания',
  `created_at` datetime DEFAULT CURRENT_TIMESTAMP COMMENT 'Время создания строки',
  `updated_at` datetime DEFAULT CURRENT_TIMESTAMP ON UPDATE CURRENT_TIMESTAMP COMMENT 'Время обновления строки'
) ENGINE=InnoDB DEFAULT CHARSET=utf8 COLLATE=utf8_unicode_ci COMMENT='Профили';
/*!40101 SET character_set_client = @saved_cs_client */;

--
-- Dumping data for table `profiles`
--

LOCK TABLES `profiles` WRITE;
/*!40000 ALTER TABLE `profiles` DISABLE KEYS */;
INSERT INTO `profiles` VALUES (1,'f','1970-06-25',98,3,99,31,'1996-09-28 02:47:43','2020-11-25 20:09:27'),(2,'f','2014-04-16',41,1,81,56,'1984-09-09 18:07:14','2020-11-25 20:09:27'),(3,'m','1987-11-01',13,2,9,86,'2010-04-11 21:34:11','2020-11-25 20:09:27'),(4,'f','1983-10-15',40,3,2,62,'2005-11-01 01:23:23','2020-11-25 20:09:27'),(5,'m','1981-11-02',62,3,82,51,'1968-01-01 06:36:58','2020-11-25 20:09:27'),(6,'m','1991-07-04',91,1,2,71,'1936-10-04 13:52:15','2020-11-25 20:09:27'),(7,'m','1996-05-30',66,3,67,99,'2019-10-04 14:11:05','2020-11-25 20:09:27'),(8,'f','1978-02-09',59,2,25,82,'2010-10-25 12:17:45','2020-11-25 20:09:27'),(9,'m','1975-04-19',95,2,24,12,'1960-01-17 04:23:35','2020-11-25 20:09:27'),(10,'m','2002-10-01',98,3,43,14,'1954-08-12 23:52:07','2020-11-25 20:09:27'),(11,'m','1978-08-13',5,3,44,32,'1933-05-17 23:06:23','2020-11-25 20:09:27'),(12,'m','1987-02-10',29,3,90,19,'2017-07-02 16:40:34','2020-11-25 20:09:27'),(13,'m','1991-12-29',29,2,17,100,'1934-08-14 09:03:46','2020-11-25 20:09:27'),(14,'f','1994-12-16',58,1,16,41,'1987-04-10 10:45:21','2020-11-25 20:09:27'),(15,'m','2020-07-20',1,3,26,3,'1953-07-24 08:09:12','2020-11-25 20:09:27'),(16,'f','1990-04-15',32,3,81,92,'1926-11-04 01:43:17','2020-11-25 20:09:27'),(17,'m','2020-09-12',57,1,30,50,'1922-03-21 16:20:27','2020-11-25 20:09:27'),(18,'m','1993-03-10',86,1,4,75,'1975-09-20 14:03:36','2020-11-25 20:09:27'),(19,'f','1987-06-23',61,1,31,23,'2003-10-27 21:56:54','2020-11-25 20:09:27'),(20,'m','1980-11-11',46,1,43,89,'1922-07-08 00:57:44','2020-11-25 20:09:27'),(21,'f','2011-05-29',45,2,19,78,'2015-05-01 13:00:08','2020-11-25 20:09:27'),(22,'m','1977-05-14',88,2,65,19,'1925-09-13 02:48:21','2020-11-25 20:09:27'),(23,'m','1999-04-05',6,2,69,64,'1999-08-30 05:10:24','2020-11-25 20:09:27'),(24,'f','1974-03-23',64,1,51,60,'2010-06-01 08:59:43','2020-11-25 20:09:27'),(25,'m','1988-12-09',100,1,47,7,'1938-11-12 16:19:56','2020-11-25 20:09:27'),(26,'m','2020-04-20',9,1,80,54,'1948-03-31 00:52:45','2020-11-25 20:09:27'),(27,'m','1986-02-27',46,2,60,50,'1994-04-27 16:45:55','2020-11-25 20:09:27'),(28,'f','1990-03-12',2,1,58,86,'1960-10-18 07:53:21','2020-11-25 20:09:27'),(29,'m','2007-10-05',72,3,10,80,'1944-03-18 09:25:41','2020-11-25 20:09:27'),(30,'m','1974-09-07',51,3,76,42,'1939-02-23 13:39:46','2020-11-25 20:09:27'),(31,'m','2005-02-27',39,2,47,67,'1952-09-17 18:13:02','2020-11-25 20:09:27'),(32,'m','2005-02-01',43,3,9,11,'1934-07-26 05:13:36','2020-11-25 20:09:27'),(33,'f','2012-06-17',95,3,3,55,'2015-10-15 19:15:28','2020-11-25 20:09:27'),(34,'m','2000-01-19',45,3,88,39,'1930-08-12 00:51:02','2020-11-25 20:09:27'),(35,'f','1972-12-17',42,3,31,29,'1923-07-22 07:44:10','2020-11-25 20:09:27'),(36,'m','2000-04-03',75,3,92,27,'2007-06-26 07:13:12','2020-11-25 20:09:27'),(37,'m','2002-06-08',49,2,64,49,'2013-02-01 05:54:37','2020-11-25 20:09:27'),(38,'f','1994-07-23',20,1,45,61,'1970-02-26 20:01:02','2020-11-25 20:09:27'),(39,'f','2020-01-22',50,2,31,61,'1932-04-29 09:46:55','2020-11-25 20:09:27'),(40,'f','2007-05-13',91,3,18,20,'2018-12-06 18:04:20','2020-11-25 20:09:27'),(41,'f','2006-04-10',5,2,100,17,'1954-10-01 17:51:16','2020-11-25 20:09:27'),(42,'f','1983-09-05',50,1,45,24,'1986-10-28 10:53:14','2020-11-25 20:09:27'),(43,'f','2018-02-07',36,1,23,71,'1921-11-26 00:58:48','2020-11-25 20:09:27'),(44,'f','1987-11-27',31,2,79,80,'1951-01-23 19:47:26','2020-11-25 20:09:27'),(45,'f','2016-05-16',44,3,28,85,'1954-08-22 16:58:30','2020-11-25 20:09:27'),(46,'m','1977-08-27',28,1,3,86,'2015-10-18 12:23:01','2020-11-25 20:09:27'),(47,'m','2002-03-28',6,1,30,76,'1932-08-20 02:31:00','2020-11-25 20:09:27'),(48,'m','1992-03-23',46,1,38,19,'2005-11-06 05:19:04','2020-11-25 20:09:27'),(49,'f','2019-12-26',12,2,1,69,'1947-05-30 06:13:53','2020-11-25 20:09:27'),(50,'f','2007-12-30',21,2,92,85,'1960-09-14 18:34:54','2020-11-25 20:09:27'),(51,'f','1987-10-07',67,1,55,21,'2000-11-11 10:36:58','2020-11-25 20:09:27'),(52,'m','1974-04-19',71,1,98,46,'1957-10-25 09:26:47','2020-11-25 20:09:27'),(53,'m','2016-10-16',54,3,24,67,'1945-09-15 17:36:21','2020-11-25 20:09:27'),(54,'f','1986-12-05',57,2,28,99,'1949-06-29 01:45:28','2020-11-25 20:09:27'),(55,'f','1982-11-20',23,1,64,90,'1995-06-26 15:13:12','2020-11-25 20:09:27'),(56,'m','1995-06-20',44,2,39,56,'1980-05-06 12:05:41','2020-11-25 20:09:27'),(57,'m','1986-05-06',49,3,1,8,'1974-09-30 18:09:00','2020-11-25 20:09:27'),(58,'m','2013-09-26',12,3,86,72,'1931-02-21 06:37:44','2020-11-25 20:09:27'),(59,'m','2016-09-24',13,3,29,35,'1962-05-20 21:08:32','2020-11-25 20:09:27'),(60,'f','1991-10-06',31,3,85,57,'2016-11-02 23:51:46','2020-11-25 20:09:27'),(61,'m','1984-10-30',12,2,37,82,'1997-01-03 10:07:09','2020-11-25 20:09:27'),(62,'m','1987-05-05',67,1,28,37,'2002-07-02 01:27:11','2020-11-25 20:09:27'),(63,'f','1985-07-11',98,3,31,41,'1930-09-03 22:40:17','2020-11-25 20:09:27'),(64,'f','1971-02-03',91,3,70,90,'1943-08-13 14:08:55','2020-11-25 20:09:27'),(65,'f','2013-04-13',58,1,56,28,'1972-04-25 17:28:45','2020-11-25 20:09:27'),(66,'f','1970-10-03',16,1,68,69,'1969-05-13 10:42:23','2020-11-25 20:09:27'),(67,'m','2000-12-07',7,1,74,61,'1997-01-04 02:51:01','2020-11-25 20:09:27'),(68,'m','1979-12-28',86,2,65,96,'1924-03-18 10:40:32','2020-11-25 20:09:27'),(69,'m','1988-07-29',8,2,1,99,'2020-08-20 06:37:47','2020-11-25 20:09:27'),(70,'m','1991-10-06',82,3,12,4,'1996-12-18 14:54:06','2020-11-25 20:09:27'),(71,'f','2005-02-08',88,1,54,22,'1965-11-22 09:43:18','2020-11-25 20:09:27'),(72,'m','1977-10-14',90,3,35,98,'1957-01-12 17:23:21','2020-11-25 20:09:27'),(73,'m','1998-04-30',86,3,13,22,'1982-04-10 02:45:57','2020-11-25 20:09:27'),(74,'m','1973-04-14',58,2,58,17,'1940-01-12 12:48:51','2020-11-25 20:09:27'),(75,'m','1984-03-23',33,2,51,16,'1998-08-14 19:50:40','2020-11-25 20:09:27'),(76,'m','1982-09-16',92,3,80,31,'1957-05-17 16:35:52','2020-11-25 20:09:27'),(77,'m','2006-05-26',60,1,48,8,'1998-11-11 18:05:20','2020-11-25 20:09:27'),(78,'m','1998-03-30',22,2,97,44,'1966-08-17 16:23:07','2020-11-25 20:09:27'),(79,'m','1982-01-04',28,3,43,96,'1959-12-06 11:30:44','2020-11-25 20:09:27'),(80,'m','1986-07-20',76,3,24,46,'1974-08-10 10:57:02','2020-11-25 20:09:27'),(81,'m','1994-10-19',93,3,92,42,'1928-09-10 19:58:57','2020-11-25 20:09:27'),(82,'m','1970-09-19',39,3,84,71,'1954-12-18 06:07:26','2020-11-25 20:09:27'),(83,'f','1993-11-19',15,1,44,29,'1996-06-22 02:39:28','2020-11-25 20:09:27'),(84,'f','1989-10-10',56,2,69,30,'1932-04-12 18:07:26','2020-11-25 20:09:27'),(85,'m','1992-02-08',36,1,14,62,'2018-12-06 15:18:53','2020-11-25 20:09:27'),(86,'m','1983-02-06',9,2,59,22,'1995-07-11 22:52:04','2020-11-25 20:09:27'),(87,'m','1977-11-21',40,2,55,21,'1921-12-25 20:09:13','2020-11-25 20:09:27'),(88,'m','2014-02-16',70,1,98,41,'1941-09-12 00:09:29','2020-11-25 20:09:27'),(89,'m','2007-06-20',32,2,22,39,'2007-11-02 12:34:17','2020-11-25 20:09:27'),(90,'f','1989-04-21',49,1,18,70,'1937-07-05 20:33:39','2020-11-25 20:09:27'),(91,'f','2011-04-06',50,2,25,36,'1979-04-28 13:08:32','2020-11-25 20:09:27'),(92,'m','1993-12-13',1,2,67,70,'2001-11-13 03:11:48','2020-11-25 20:09:27'),(93,'m','2008-11-23',56,2,61,40,'1926-07-16 21:16:35','2020-11-25 20:09:27'),(94,'m','2006-01-09',76,1,3,88,'1934-12-07 19:10:40','2020-11-25 20:09:27'),(95,'m','1996-01-29',10,3,33,19,'1988-03-06 17:06:03','2020-11-25 20:09:27'),(96,'m','1994-02-27',20,2,53,33,'2006-09-01 03:55:03','2020-11-25 20:09:27'),(97,'m','2015-07-11',73,1,65,5,'2004-06-03 14:31:11','2020-11-25 20:09:27'),(98,'m','1975-03-03',4,1,65,26,'2010-05-26 17:00:20','2020-11-25 20:09:27'),(99,'f','1979-10-04',98,2,33,13,'1978-01-20 15:00:25','2020-11-25 20:09:27'),(100,'f','2017-09-07',79,1,66,88,'2004-10-04 11:42:03','2020-11-25 20:09:27');
/*!40000 ALTER TABLE `profiles` ENABLE KEYS */;
UNLOCK TABLES;

--
-- Table structure for table `statuses`
--

DROP TABLE IF EXISTS `statuses`;
/*!40101 SET @saved_cs_client     = @@character_set_client */;
/*!50503 SET character_set_client = utf8mb4 */;
CREATE TABLE `statuses` (
  `id` bigint unsigned NOT NULL AUTO_INCREMENT COMMENT 'Идентификатор строки',
  `name` varchar(20) CHARACTER SET utf8 COLLATE utf8_unicode_ci NOT NULL COMMENT 'Название статуса',
  `created_at` datetime DEFAULT CURRENT_TIMESTAMP COMMENT 'Время создания строки',
  `updated_at` datetime DEFAULT CURRENT_TIMESTAMP ON UPDATE CURRENT_TIMESTAMP COMMENT 'Время обновления строки',
  UNIQUE KEY `id` (`id`)
) ENGINE=InnoDB AUTO_INCREMENT=4 DEFAULT CHARSET=utf8 COLLATE=utf8_unicode_ci COMMENT='Статусы';
/*!40101 SET character_set_client = @saved_cs_client */;

--
-- Dumping data for table `statuses`
--

LOCK TABLES `statuses` WRITE;
/*!40000 ALTER TABLE `statuses` DISABLE KEYS */;
INSERT INTO `statuses` VALUES (1,'single','2020-11-25 20:04:45','2020-11-25 20:04:45'),(2,'married','2020-11-25 20:04:45','2020-11-25 20:04:45'),(3,'actively looking','2020-11-25 20:04:45','2020-11-25 20:04:45');
/*!40000 ALTER TABLE `statuses` ENABLE KEYS */;
UNLOCK TABLES;

--
-- Table structure for table `user_likes`
--

DROP TABLE IF EXISTS `user_likes`;
/*!40101 SET @saved_cs_client     = @@character_set_client */;
/*!50503 SET character_set_client = utf8mb4 */;
CREATE TABLE `user_likes` (
  `user_id` bigint unsigned NOT NULL COMMENT 'Ссылка на пользователя',
  `media_id` bigint unsigned NOT NULL COMMENT 'Ссылка на медиафайл',
  `created_at` datetime DEFAULT CURRENT_TIMESTAMP COMMENT 'Время создания строки',
  PRIMARY KEY (`user_id`,`media_id`) COMMENT 'Составной первичный ключ'
) ENGINE=InnoDB DEFAULT CHARSET=utf8 COLLATE=utf8_unicode_ci COMMENT='Таблица связей (лайков) между пользователями и медиафайлами';
/*!40101 SET character_set_client = @saved_cs_client */;

--
-- Dumping data for table `user_likes`
--

LOCK TABLES `user_likes` WRITE;
/*!40000 ALTER TABLE `user_likes` DISABLE KEYS */;
INSERT INTO `user_likes` VALUES (1,91,'2020-03-14 05:36:19'),(2,67,'2013-10-01 07:07:44'),(3,60,'2018-07-31 01:30:52'),(3,98,'2014-04-20 00:26:02'),(4,9,'2013-04-28 00:49:48'),(4,34,'2012-06-28 22:57:27'),(4,39,'2019-03-28 01:00:51'),(4,54,'2016-02-01 20:59:50'),(5,52,'2017-12-06 20:20:52'),(6,35,'2014-03-01 07:44:43'),(6,58,'2020-09-04 14:18:16'),(6,100,'2017-02-04 07:52:06'),(8,92,'2019-10-26 06:48:27'),(9,61,'2012-01-16 05:51:44'),(10,30,'2013-07-10 03:19:24'),(12,29,'2019-03-01 09:15:59'),(12,64,'2013-08-04 17:57:44'),(13,55,'2019-02-22 05:43:29'),(13,69,'2019-06-28 15:57:32'),(13,85,'2020-09-27 19:20:11'),(13,87,'2019-06-25 21:31:06'),(14,15,'2015-03-21 02:13:50'),(14,20,'2019-06-08 18:48:32'),(16,57,'2018-02-07 01:42:08'),(17,23,'2011-08-21 07:56:57'),(18,42,'2012-07-19 21:01:39'),(21,42,'2017-06-06 05:10:17'),(22,85,'2011-03-20 01:13:50'),(23,99,'2014-08-18 18:36:50'),(24,37,'2020-05-22 18:13:17'),(29,88,'2020-08-14 06:50:12'),(31,30,'2017-07-07 04:42:28'),(31,39,'2012-12-17 23:06:05'),(31,86,'2013-10-01 01:43:26'),(32,36,'2012-04-07 10:53:56'),(33,61,'2012-09-05 17:47:56'),(33,96,'2012-03-15 07:20:56'),(34,76,'2017-09-30 10:08:13'),(34,93,'2013-03-02 15:57:10'),(34,96,'2017-11-23 20:37:17'),(35,2,'2017-01-10 03:18:47'),(35,80,'2020-09-11 00:51:53'),(36,96,'2015-12-08 20:53:45'),(38,2,'2017-03-12 18:04:11'),(38,38,'2015-08-02 18:46:49'),(39,94,'2016-11-20 00:09:37'),(40,63,'2013-06-02 07:14:27'),(41,34,'2017-03-09 03:13:25'),(42,78,'2013-07-20 11:03:12'),(42,90,'2018-06-27 14:42:32'),(43,16,'2013-06-09 06:19:21'),(44,7,'2014-05-14 02:28:45'),(45,17,'2013-01-28 01:53:49'),(45,88,'2016-10-21 09:21:21'),(50,23,'2014-06-22 10:29:54'),(51,64,'2014-12-21 19:41:39'),(52,48,'2017-06-29 05:11:21'),(53,49,'2017-05-20 04:00:09'),(57,99,'2013-03-04 15:44:15'),(58,48,'2020-06-14 08:21:31'),(61,41,'2018-01-27 04:12:12'),(61,60,'2013-10-09 07:03:55'),(62,77,'2018-09-18 06:13:29'),(63,6,'2011-01-28 06:35:42'),(63,98,'2017-12-16 05:15:38'),(64,65,'2011-03-23 11:22:35'),(64,72,'2019-10-14 21:22:11'),(65,10,'2012-10-25 06:56:34'),(65,53,'2011-05-23 20:32:45'),(67,35,'2020-04-17 12:50:18'),(68,17,'2017-06-15 14:12:00'),(68,77,'2019-04-26 10:18:59'),(70,35,'2020-08-22 06:05:09'),(70,44,'2013-08-29 23:43:18'),(71,14,'2016-09-09 02:47:42'),(72,36,'2013-07-20 21:45:41'),(72,39,'2016-12-16 18:14:21'),(72,86,'2012-10-22 17:22:01'),(73,12,'2014-11-21 08:07:48'),(75,2,'2017-10-06 11:42:00'),(75,60,'2017-01-02 05:26:31'),(75,73,'2011-09-06 21:04:26'),(76,78,'2015-01-11 23:33:20'),(77,12,'2017-11-14 17:56:48'),(79,24,'2013-12-13 09:25:01'),(80,84,'2013-03-24 09:14:29'),(84,48,'2018-02-27 07:59:14'),(86,89,'2018-06-24 08:10:27'),(86,99,'2016-04-14 20:32:42'),(87,27,'2018-05-14 20:28:33'),(90,4,'2020-10-17 23:10:54'),(90,37,'2013-04-21 01:24:43'),(92,11,'2013-05-15 06:24:43'),(95,39,'2020-08-30 06:27:56'),(95,63,'2020-11-15 02:25:36'),(97,98,'2020-11-12 13:30:14'),(98,99,'2016-11-20 15:41:38'),(99,5,'2016-07-25 17:12:19'),(99,24,'2018-11-19 12:19:31'),(99,100,'2020-07-31 17:12:00');
/*!40000 ALTER TABLE `user_likes` ENABLE KEYS */;
UNLOCK TABLES;

--
-- Table structure for table `users`
--

DROP TABLE IF EXISTS `users`;
/*!40101 SET @saved_cs_client     = @@character_set_client */;
/*!50503 SET character_set_client = utf8mb4 */;
CREATE TABLE `users` (
  `id` bigint unsigned NOT NULL AUTO_INCREMENT COMMENT 'Идентификатор строки',
  `first_name` varchar(100) CHARACTER SET utf8 COLLATE utf8_unicode_ci NOT NULL COMMENT 'Имя пользователя',
  `last_name` varchar(100) CHARACTER SET utf8 COLLATE utf8_unicode_ci NOT NULL COMMENT 'Фамилия пользователя',
  `email` varchar(100) CHARACTER SET utf8 COLLATE utf8_unicode_ci NOT NULL COMMENT 'Почта',
  `phone` varchar(100) CHARACTER SET utf8 COLLATE utf8_unicode_ci NOT NULL COMMENT 'Телефон',
  `created_at` datetime DEFAULT CURRENT_TIMESTAMP COMMENT 'Время создания строки',
  `updated_at` datetime DEFAULT CURRENT_TIMESTAMP ON UPDATE CURRENT_TIMESTAMP COMMENT 'Время обновления строки',
  UNIQUE KEY `id` (`id`),
  UNIQUE KEY `email` (`email`),
  UNIQUE KEY `phone` (`phone`)
) ENGINE=InnoDB AUTO_INCREMENT=101 DEFAULT CHARSET=utf8 COLLATE=utf8_unicode_ci COMMENT='Пользователи';
/*!40101 SET character_set_client = @saved_cs_client */;

--
-- Dumping data for table `users`
--

LOCK TABLES `users` WRITE;
/*!40000 ALTER TABLE `users` DISABLE KEYS */;
INSERT INTO `users` VALUES (1,'Melisa','Yundt','daphne.gutkowski@example.net','1-906-679-3112x446','2017-08-15 12:44:45','2020-11-25 19:52:53'),(2,'Geovanny','Quitzon','anjali61@example.org','+20(1)8320959568','2012-05-30 20:32:46','2018-05-13 05:54:04'),(3,'Aiden','Strosin','nwalsh@example.com','112-880-2954','2019-06-08 04:09:18','2020-11-25 19:52:53'),(4,'Rosamond','Maggio','autumn.orn@example.net','1-330-347-9657x851','2015-10-30 20:21:47','2019-02-03 22:50:36'),(5,'Penelope','Hintz','sipes.arnoldo@example.net','492.856.8196x1485','2010-12-03 19:12:01','2015-06-06 01:53:07'),(6,'Mortimer','Blick','rhuel@example.org','1-741-217-0718','2019-03-12 00:32:23','2020-11-25 19:52:53'),(7,'Stephany','Yost','sromaguera@example.net','294.655.0949x55565','2019-12-04 00:41:06','2020-11-25 19:52:53'),(8,'Wade','Erdman','lavon62@example.net','(984)211-9956x1074','2014-09-12 19:24:24','2014-12-30 10:50:03'),(9,'Eugenia','Kohler','chanel.roob@example.net','217-779-6416x631','2011-10-26 06:56:15','2015-12-07 04:58:28'),(10,'Wendy','Konopelski','schuppe.therese@example.net','(921)498-4278x16808','2016-03-24 07:41:31','2020-11-25 19:52:53'),(11,'Adrianna','Marvin','whoeger@example.org','534.391.7395x766','2016-07-27 20:50:44','2020-02-25 02:44:23'),(12,'Lenora','Hackett','kaylie33@example.org','592-166-9149','2018-02-08 16:48:39','2020-01-12 21:29:57'),(13,'Liza','Altenwerth','lizzie46@example.org','744-524-5769x0723','2011-12-31 08:52:56','2013-07-22 11:49:49'),(14,'Arnoldo','Volkman','pruecker@example.com','440-326-0231x4491','2020-07-09 11:11:55','2020-11-25 19:52:53'),(15,'Lisette','Kovacek','schmidt.devante@example.net','1-596-762-7939x76236','2019-05-26 20:17:00','2019-12-04 23:59:06'),(16,'Ava','Rolfson','catherine66@example.net','(670)475-7833','2020-05-24 23:32:20','2020-11-25 19:52:53'),(17,'Ova','Bayer','nlindgren@example.org','1-550-673-4066','2016-02-21 17:43:25','2017-06-21 11:41:48'),(18,'Domenica','Lakin','zbechtelar@example.org','+88(6)0335393955','2012-08-21 11:46:10','2017-01-08 01:32:24'),(19,'Evans','Breitenberg','bprice@example.com','1-327-910-4414','2015-02-26 10:47:19','2016-10-04 00:16:49'),(20,'Howell','Emard','jairo91@example.org','(485)489-9620x571','2011-04-26 14:11:07','2011-09-18 11:58:59'),(21,'Eula','Satterfield','orlo.fadel@example.org','+89(4)5020410013','2015-08-02 14:52:29','2020-11-25 19:52:53'),(22,'Rae','Ruecker','fred85@example.org','+42(7)9164912297','2013-10-01 22:29:10','2020-11-25 19:52:53'),(23,'Audreanne','Schiller','fgrimes@example.net','892-822-7525','2015-04-09 13:19:22','2015-08-23 16:52:53'),(24,'Austin','Roob','okuneva.tyree@example.org','584-437-5644','2011-01-04 17:03:31','2018-07-11 16:05:02'),(25,'Aiden','Trantow','dorcas71@example.com','+00(9)0715257372','2015-06-01 23:45:43','2017-07-25 08:14:27'),(26,'Rodger','Predovic','natasha95@example.org','497.985.2126x35564','2018-01-26 20:39:03','2019-02-12 09:33:26'),(27,'Kamille','Goodwin','annabel83@example.com','561.525.0184x64633','2013-12-23 21:36:52','2020-11-25 19:52:53'),(28,'Violette','Kuvalis','rau.skyla@example.net','369-797-6689','2014-12-13 15:33:55','2020-11-25 19:52:53'),(29,'Austyn','Hauck','odessa76@example.net','1-551-795-9996x4093','2011-06-09 13:09:42','2019-02-05 04:51:54'),(30,'Dave','Pfeffer','andrew90@example.com','1-502-521-0964','2013-01-08 17:21:27','2019-10-25 22:46:56'),(31,'Elizabeth','Baumbach','isobel83@example.org','931.803.1998x9036','2013-05-12 13:38:06','2020-11-25 19:52:53'),(32,'Elisa','Ernser','eunice40@example.net','1-839-466-4655x104','2019-08-23 19:37:10','2020-11-25 19:52:53'),(33,'Alivia','Stark','marjolaine.ondricka@example.net','511.195.6390','2014-03-10 13:20:23','2020-11-25 19:52:53'),(34,'Layne','Dare','marvin.roxanne@example.net','09542857792','2014-06-25 22:51:22','2020-11-25 19:52:53'),(35,'Patience','Rice','haylee.abshire@example.org','1-827-925-9146x67336','2011-08-29 13:02:05','2016-04-17 11:43:53'),(36,'Martina','Halvorson','guadalupe.prohaska@example.net','1-968-622-7994','2014-03-01 05:04:56','2015-01-21 05:19:37'),(37,'Columbus','Tromp','vheathcote@example.com','844-895-6798x93393','2014-09-10 09:35:59','2015-01-03 22:03:17'),(38,'Tiffany','Olson','fberge@example.net','1-308-020-8498x2348','2018-11-30 10:05:21','2020-11-25 19:52:53'),(39,'Mckenzie','Strosin','williamson.sister@example.net','112-382-9818x84825','2019-06-29 13:24:42','2020-11-25 19:52:53'),(40,'Rita','Collins','kertzmann.alysha@example.com','(559)147-9972x966','2018-01-10 13:17:36','2020-08-07 10:33:00'),(41,'Franco','Gerlach','kali.macejkovic@example.com','(647)622-0747','2016-11-23 23:09:08','2020-11-25 19:52:53'),(42,'Isai','Lebsack','gudrun08@example.com','+74(5)8532515668','2019-08-27 18:05:14','2020-11-25 19:52:53'),(43,'Dahlia','Berge','skris@example.com','(264)472-9530x5495','2020-10-15 16:02:31','2020-11-25 19:52:53'),(44,'Alexys','Schiller','myron89@example.org','07137498828','2018-02-14 05:14:54','2020-11-25 19:52:53'),(45,'Hardy','Gibson','swift.emilio@example.org','1-873-486-1906x37547','2013-08-22 08:52:48','2020-11-25 19:52:53'),(46,'Flossie','Breitenberg','brice.schowalter@example.com','277.563.0615','2012-04-05 23:00:43','2017-07-21 15:57:31'),(47,'Alisa','Bins','bauch.abelardo@example.com','1-205-097-6168x5969','2020-01-26 06:29:24','2020-11-25 19:52:53'),(48,'Sean','Gutmann','jeanie93@example.net','1-541-197-5827x250','2014-08-10 13:28:55','2018-01-27 11:57:08'),(49,'Verda','Johnson','andreane19@example.net','1-496-544-2857','2015-02-07 04:01:33','2020-11-25 19:52:53'),(50,'Stan','Ward','lenora.johnson@example.com','908.703.0579x91633','2011-03-03 02:47:40','2020-11-25 19:52:53'),(51,'Orlando','Windler','arippin@example.net','487-860-4762x534','2019-10-18 14:19:41','2020-11-25 19:52:53'),(52,'Jon','Halvorson','sincere12@example.net','1-440-352-7270x09631','2018-01-03 06:41:08','2020-11-25 19:52:53'),(53,'Lonie','Kautzer','camylle.green@example.org','+75(4)2405237124','2018-04-09 18:42:03','2020-08-03 16:30:27'),(54,'Francisco','Zulauf','wisozk.damion@example.net','(431)317-9902x9531','2014-10-01 00:39:00','2020-11-25 19:52:53'),(55,'Baylee','Waters','ernesto85@example.org','1-607-701-6898','2020-10-19 07:22:13','2020-11-25 19:52:53'),(56,'Judy','Robel','ghomenick@example.com','056.106.8412x7838','2016-12-30 02:57:13','2019-01-17 09:45:17'),(57,'Lorenza','Stanton','cathryn06@example.org','1-822-026-4289','2019-05-27 13:02:27','2020-11-25 19:52:53'),(58,'Lexie','Ledner','douglas.rebeka@example.net','1-179-707-6356x342','2015-07-18 21:13:30','2020-11-25 19:52:53'),(59,'Myah','Toy','tamia11@example.org','(671)158-4138x747','2012-07-30 21:46:11','2020-11-25 19:52:53'),(60,'Alicia','Ullrich','murphy.payton@example.org','090.055.6164x754','2015-06-20 18:43:31','2015-08-09 14:56:42'),(61,'Devante','Bahringer','nakia06@example.org','(787)050-6124x5973','2016-10-23 03:05:04','2020-11-25 19:52:53'),(62,'Lindsey','Flatley','zgreen@example.net','+83(2)5569566348','2011-12-24 14:15:06','2016-12-22 03:50:04'),(63,'Gerardo','Wisoky','sophie43@example.net','08692424614','2014-08-15 09:01:14','2014-10-31 18:09:52'),(64,'Nickolas','McKenzie','mo\'kon@example.org','07825993503','2015-06-10 17:34:54','2020-05-03 16:36:22'),(65,'Claudie','Lind','ttromp@example.com','182-436-3199x045','2015-05-10 01:31:48','2020-11-25 19:52:53'),(66,'Larissa','Pollich','kay.gutkowski@example.net','(053)026-6250x251','2015-02-20 10:14:22','2020-08-08 14:25:56'),(67,'Cynthia','Zemlak','llarson@example.com','1-182-122-4707','2012-05-28 18:03:35','2019-05-05 19:02:36'),(68,'Virgie','Dietrich','stiedemann.teagan@example.org','+97(8)1455582925','2014-05-18 10:50:30','2016-12-18 07:19:12'),(69,'Jon','Jenkins','ustroman@example.com','1-089-703-1987','2018-01-17 22:30:57','2020-11-25 19:52:53'),(70,'Trenton','Funk','cassandra.dach@example.com','1-526-594-2876','2012-12-01 18:41:23','2015-09-03 01:00:29'),(71,'Aisha','Cremin','otho44@example.com','1-284-386-2912x69440','2017-04-12 00:50:26','2020-11-25 19:52:53'),(72,'Clair','Barton','bartoletti.jorge@example.com','293-150-3678','2011-05-30 16:37:00','2018-03-29 13:25:43'),(73,'Susie','Weber','katherine98@example.com','949-576-5653x383','2015-10-22 03:27:35','2020-11-25 19:52:53'),(74,'Carley','Ondricka','ireynolds@example.com','1-506-858-3870x42595','2015-08-11 02:33:42','2017-11-08 02:45:04'),(75,'Domenic','O\'Reilly','hintz.dixie@example.com','(868)474-8925x62450','2011-03-19 14:46:54','2015-05-26 10:21:47'),(76,'Gregoria','Gleichner','fmorar@example.net','(477)474-2935x3626','2013-12-27 23:52:48','2020-11-25 19:52:53'),(77,'Rickey','Hermiston','maximus36@example.org','228-705-4090','2015-12-15 10:44:08','2019-10-01 00:56:25'),(78,'Emerald','Nolan','sawayn.hugh@example.org','+48(7)1834178277','2016-06-04 13:19:31','2020-11-25 19:52:53'),(79,'Nathanael','Feest','leo73@example.net','194-753-3042','2019-06-08 13:00:44','2020-11-25 19:52:53'),(80,'Reginald','Kohler','magdalen91@example.com','1-476-782-8486','2016-03-14 22:01:13','2020-11-25 19:52:53'),(81,'Natasha','Stehr','cterry@example.org','+36(0)8773365813','2011-01-11 13:15:48','2014-01-03 15:47:19'),(82,'Jazmyne','Lubowitz','berry.price@example.net','316.928.3867x94602','2019-01-08 15:29:24','2020-11-25 19:52:53'),(83,'Janick','Wuckert','runolfsson.chyna@example.com','034.814.1209x67757','2020-08-01 00:12:09','2020-11-25 19:52:53'),(84,'Arvilla','Conroy','xkutch@example.net','+82(3)3156902789','2017-08-27 04:11:01','2020-11-25 19:52:53'),(85,'Kaley','Pfannerstill','hank.kuhn@example.com','+09(2)0555781691','2018-04-03 04:58:14','2020-11-25 19:52:53'),(86,'Lafayette','Windler','cronin.myrna@example.net','03636391674','2011-12-05 00:55:59','2020-02-01 22:59:14'),(87,'Candice','Bogisich','greyson.runolfsson@example.com','549.672.9660x3860','2012-07-23 19:18:25','2018-09-04 19:01:22'),(88,'Monte','Kihn','wellington43@example.org','222-113-5625','2011-07-02 04:09:56','2020-03-05 10:26:49'),(89,'Olaf','Gleason','trace.dare@example.net','708.458.6280x4076','2013-06-28 23:59:14','2017-11-25 12:12:30'),(90,'Queenie','Crist','scotty.hoppe@example.net','826-996-8464x19500','2014-11-24 16:45:59','2019-02-10 07:21:23'),(91,'Hallie','Beer','bins.anahi@example.com','1-232-744-6206x390','2011-06-17 14:01:57','2011-10-07 03:30:43'),(92,'Jules','Shields','sporer.dana@example.com','461-755-9210x1537','2012-07-08 04:33:00','2017-05-24 16:19:40'),(93,'Vilma','Cummerata','tdoyle@example.net','1-613-759-7371x06535','2016-07-06 00:33:48','2018-04-30 12:12:49'),(94,'August','Hamill','brooks41@example.net','804-215-8173x21639','2017-08-26 22:33:48','2020-11-25 19:52:53'),(95,'Conrad','Flatley','quigley.petra@example.org','1-201-919-8746x6243','2011-04-05 08:38:48','2017-11-05 18:31:50'),(96,'Sierra','Hills','cweimann@example.org','601-029-5611','2013-06-18 20:06:53','2014-07-08 09:36:56'),(97,'Marisol','Veum','elizabeth84@example.org','751-677-6554','2011-04-01 09:30:11','2011-11-07 01:26:46'),(98,'Bobbie','Monahan','corine19@example.org','304.543.8322x16163','2019-02-23 05:58:11','2020-11-25 19:52:53'),(99,'Glenda','Kassulke','florida65@example.com','(036)636-1776x2180','2019-01-04 03:13:25','2020-11-25 19:52:53'),(100,'Jimmy','Hoppe','dtillman@example.org','762-968-7800x0585','2013-11-02 12:29:43','2019-01-25 05:08:48');
/*!40000 ALTER TABLE `users` ENABLE KEYS */;
UNLOCK TABLES;
/*!40103 SET TIME_ZONE=@OLD_TIME_ZONE */;

/*!40101 SET SQL_MODE=@OLD_SQL_MODE */;
/*!40014 SET FOREIGN_KEY_CHECKS=@OLD_FOREIGN_KEY_CHECKS */;
/*!40014 SET UNIQUE_CHECKS=@OLD_UNIQUE_CHECKS */;
/*!40101 SET CHARACTER_SET_CLIENT=@OLD_CHARACTER_SET_CLIENT */;
/*!40101 SET CHARACTER_SET_RESULTS=@OLD_CHARACTER_SET_RESULTS */;
/*!40101 SET COLLATION_CONNECTION=@OLD_COLLATION_CONNECTION */;
/*!40111 SET SQL_NOTES=@OLD_SQL_NOTES */;

-- Dump completed on 2020-11-25 20:29:17
